# claims.tsv - merged traceability matrix, capstone paper -> aitchinson-flow artifacts
# columns: id  paper_loc  quantity  expected  tol  tier  artifact  pointer  notes
G1	chapters/results.tex:60	tab:gen KL_uni, FM on clr	0.003	0.0005	T0	runs/sflm_bench_a100_20g_L256/FMonCLR/eval_all.json	KL_uni	n=256 samples, 200 steps, L=256
G2	chapters/results.tex:60	tab:gen KL_bi, FM on clr	1.501	0.0005	T0	runs/sflm_bench_a100_20g_L256/FMonCLR/eval_all.json	KL_bi	n=256 samples, 200 steps, L=256
G3	chapters/results.tex:60	tab:gen KL_tri, FM on clr	5.257	0.0005	T0	runs/sflm_bench_a100_20g_L256/FMonCLR/eval_all.json	KL_tri	n=256 samples, 200 steps, L=256
G4	chapters/results.tex:60	tab:gen H_ratio, FM on clr	0.999	0.0005	T0	runs/sflm_bench_a100_20g_L256/FMonCLR/eval_all.json	H_ratio	n=256 samples, 200 steps, L=256
G5	chapters/results.tex:60	tab:gen Delta@.50, FM on clr	0.044	0.0005	T0	runs/sflm_bench_a100_20g_L256/FMonCLR/recovery.json	rows[alpha=0.5].delta	transport-recovery headline
G6	chapters/results.tex:61	tab:gen KL_uni, Statistical FM	0.003	0.0005	T0	runs/sflm_bench_a100_20g_L256/SFM/eval_all.json	KL_uni	n=256 samples, 200 steps, L=256
G7	chapters/results.tex:61	tab:gen KL_bi, Statistical FM	1.494	0.0005	T0	runs/sflm_bench_a100_20g_L256/SFM/eval_all.json	KL_bi	n=256 samples, 200 steps, L=256
G8	chapters/results.tex:61	tab:gen KL_tri, Statistical FM	5.106	0.0005	T0	runs/sflm_bench_a100_20g_L256/SFM/eval_all.json	KL_tri	n=256 samples, 200 steps, L=256
G9	chapters/results.tex:61	tab:gen H_ratio, Statistical FM	0.991	0.0005	T0	runs/sflm_bench_a100_20g_L256/SFM/eval_all.json	H_ratio	n=256 samples, 200 steps, L=256
G10	chapters/results.tex:61	tab:gen Delta@.50, Statistical FM	-0.018	0.0005	T0	runs/sflm_bench_a100_20g_L256/SFM/recovery.json	rows[alpha=0.5].delta	transport-recovery headline
G11	chapters/results.tex:62	tab:gen KL_uni, Fisher FM	0.006	0.0005	T0	runs/sflm_bench_a100_20g_L256/FisherFM/eval_all.json	KL_uni	n=256 samples, 200 steps, L=256
G12	chapters/results.tex:62	tab:gen KL_bi, Fisher FM	1.418	0.0005	T0	runs/sflm_bench_a100_20g_L256/FisherFM/eval_all.json	KL_bi	n=256 samples, 200 steps, L=256
G13	chapters/results.tex:62	tab:gen KL_tri, Fisher FM	5.151	0.0005	T0	runs/sflm_bench_a100_20g_L256/FisherFM/eval_all.json	KL_tri	n=256 samples, 200 steps, L=256
G14	chapters/results.tex:62	tab:gen H_ratio, Fisher FM	0.996	0.0005	T0	runs/sflm_bench_a100_20g_L256/FisherFM/eval_all.json	H_ratio	n=256 samples, 200 steps, L=256
G15	chapters/results.tex:62	tab:gen Delta@.50, Fisher FM	-0.000	0.0005	T0	runs/sflm_bench_a100_20g_L256/FisherFM/recovery.json	rows[alpha=0.5].delta	transport-recovery headline
G16	chapters/results.tex:63	tab:gen KL_uni, Hyperspherical flow	0.019	0.0005	T0	runs/sflm_bench_a100_20g_L256/SFLM/eval_all.json	KL_uni	n=256 samples, 200 steps, L=256
G17	chapters/results.tex:63	tab:gen KL_bi, Hyperspherical flow	1.378	0.0005	T0	runs/sflm_bench_a100_20g_L256/SFLM/eval_all.json	KL_bi	n=256 samples, 200 steps, L=256
G18	chapters/results.tex:63	tab:gen KL_tri, Hyperspherical flow	5.327	0.0005	T0	runs/sflm_bench_a100_20g_L256/SFLM/eval_all.json	KL_tri	n=256 samples, 200 steps, L=256
G19	chapters/results.tex:63	tab:gen H_ratio, Hyperspherical flow	1.026	0.0005	T0	runs/sflm_bench_a100_20g_L256/SFLM/eval_all.json	H_ratio	n=256 samples, 200 steps, L=256
G20	chapters/results.tex:63	tab:gen Delta@.50, Hyperspherical flow	0.067	0.0005	T0	runs/sflm_bench_a100_20g_L256/SFLM/recovery.json	rows[alpha=0.5].delta	transport-recovery headline
G21	chapters/results.tex:64	tab:gen KL_uni, Discrete FM	0.001	0.0005	T0	runs/sflm_bench_a100_20g_L256/DFM/eval_all.json	KL_uni	n=256 samples, 200 steps, L=256
G22	chapters/results.tex:64	tab:gen KL_bi, Discrete FM	1.466	0.0005	T0	runs/sflm_bench_a100_20g_L256/DFM/eval_all.json	KL_bi	n=256 samples, 200 steps, L=256
G23	chapters/results.tex:64	tab:gen KL_tri, Discrete FM	5.141	0.0005	T0	runs/sflm_bench_a100_20g_L256/DFM/eval_all.json	KL_tri	n=256 samples, 200 steps, L=256
G24	chapters/results.tex:64	tab:gen H_ratio, Discrete FM	0.996	0.0005	T0	runs/sflm_bench_a100_20g_L256/DFM/eval_all.json	H_ratio	n=256 samples, 200 steps, L=256
G25	chapters/results.tex:64	tab:gen Delta@.50, Discrete FM	0.009	0.0005	T0	runs/sflm_bench_a100_20g_L256/DFM/recovery.json	rows[alpha=0.5].delta	transport-recovery headline
G26	chapters/results.tex:65	tab:gen KL_uni, Dirichlet FM	0.009	0.0005	T0	runs/sflm_bench_a100_20g_L256/DirichletFM/eval_all.json	KL_uni	n=256 samples, 200 steps, L=256
G27	chapters/results.tex:65	tab:gen KL_bi, Dirichlet FM	0.959	0.0005	T0	runs/sflm_bench_a100_20g_L256/DirichletFM/eval_all.json	KL_bi	n=256 samples, 200 steps, L=256
G28	chapters/results.tex:65	tab:gen KL_tri, Dirichlet FM	4.088	0.0005	T0	runs/sflm_bench_a100_20g_L256/DirichletFM/eval_all.json	KL_tri	n=256 samples, 200 steps, L=256
G29	chapters/results.tex:65	tab:gen H_ratio, Dirichlet FM	1.023	0.0005	T0	runs/sflm_bench_a100_20g_L256/DirichletFM/eval_all.json	H_ratio	n=256 samples, 200 steps, L=256
G30	chapters/results.tex:65	tab:gen Delta@.50, Dirichlet FM	0.090	0.0005	T0	runs/sflm_bench_a100_20g_L256/DirichletFM/recovery.json	rows[alpha=0.5].delta	transport-recovery headline
G31	chapters/results.tex:66	tab:gen KL_uni, EqM deterministic clr	0.093	0.0005	T0	runs/sflm_bench_a100_20g_L256/EqM_OneHot/eval_all.json	KL_uni	n=256 samples, 200 steps, L=256
G32	chapters/results.tex:66	tab:gen KL_bi, EqM deterministic clr	2.226	0.0005	T0	runs/sflm_bench_a100_20g_L256/EqM_OneHot/eval_all.json	KL_bi	n=256 samples, 200 steps, L=256
G33	chapters/results.tex:66	tab:gen KL_tri, EqM deterministic clr	6.320	0.0005	T0	runs/sflm_bench_a100_20g_L256/EqM_OneHot/eval_all.json	KL_tri	n=256 samples, 200 steps, L=256
G34	chapters/results.tex:66	tab:gen H_ratio, EqM deterministic clr	0.958	0.0005	T0	runs/sflm_bench_a100_20g_L256/EqM_OneHot/eval_all.json	H_ratio	n=256 samples, 200 steps, L=256
G35	chapters/results.tex:66	tab:gen Delta@.50, EqM deterministic clr	0.000	0.0005	T0	runs/sflm_bench_a100_20g_L256/EqM_OneHot/recovery.json	rows[alpha=0.5].delta	transport-recovery headline
G36	chapters/results.tex:67	tab:gen KL_uni, EqM Dirichlet-thickened	0.611	0.0005	T0	runs/sflm_bench_a100_20g_L256/EqM/eval_all.json	KL_uni	n=256 samples, 200 steps, L=256
G37	chapters/results.tex:67	tab:gen KL_bi, EqM Dirichlet-thickened	3.898	0.0005	T0	runs/sflm_bench_a100_20g_L256/EqM/eval_all.json	KL_bi	n=256 samples, 200 steps, L=256
G38	chapters/results.tex:67	tab:gen KL_tri, EqM Dirichlet-thickened	11.664	0.0005	T0	runs/sflm_bench_a100_20g_L256/EqM/eval_all.json	KL_tri	n=256 samples, 200 steps, L=256
G39	chapters/results.tex:67	tab:gen H_ratio, EqM Dirichlet-thickened	1.154	0.0005	T0	runs/sflm_bench_a100_20g_L256/EqM/eval_all.json	H_ratio	n=256 samples, 200 steps, L=256
G40	chapters/results.tex:67	tab:gen Delta@.50, EqM Dirichlet-thickened	0.004	0.0005	T0	runs/sflm_bench_a100_20g_L256/EqM/recovery.json	rows[alpha=0.5].delta	transport-recovery headline
G41	chapters/results.tex:68	tab:gen KL_uni, EqM VAE latent	0.060	0.0005	T0	runs/sflm_bench_a100_20g_L256/EqMAE/eval_all.json	KL_uni	n=256 samples, 200 steps, L=256
G42	chapters/results.tex:68	tab:gen KL_bi, EqM VAE latent	2.612	0.0005	T0	runs/sflm_bench_a100_20g_L256/EqMAE/eval_all.json	KL_bi	n=256 samples, 200 steps, L=256
G43	chapters/results.tex:68	tab:gen KL_tri, EqM VAE latent	5.957	0.0005	T0	runs/sflm_bench_a100_20g_L256/EqMAE/eval_all.json	KL_tri	n=256 samples, 200 steps, L=256
G44	chapters/results.tex:68	tab:gen H_ratio, EqM VAE latent	0.904	0.0005	T0	runs/sflm_bench_a100_20g_L256/EqMAE/eval_all.json	H_ratio	n=256 samples, 200 steps, L=256
G45	chapters/results.tex:68	tab:gen Delta@.50, EqM VAE latent	-0.009	0.0005	T0	runs/sflm_bench_a100_20g_L256/EqMAE/recovery.json	rows[alpha=0.5].delta	transport-recovery headline
G46	chapters/results.tex:70	tab:gen KL_uni, Dirichlet FM 30ep/30k	0.008	0.0005	T0	runs/sflm_bench_a100_20g_L256/DirichletFM_ep30_d30k/eval_all.json	KL_uni	n=256 samples, 200 steps, L=256
G47	chapters/results.tex:70	tab:gen KL_bi, Dirichlet FM 30ep/30k	0.208	0.0005	T0	runs/sflm_bench_a100_20g_L256/DirichletFM_ep30_d30k/eval_all.json	KL_bi	n=256 samples, 200 steps, L=256
G48	chapters/results.tex:70	tab:gen KL_tri, Dirichlet FM 30ep/30k	1.250	0.0005	T0	runs/sflm_bench_a100_20g_L256/DirichletFM_ep30_d30k/eval_all.json	KL_tri	n=256 samples, 200 steps, L=256
G49	chapters/results.tex:70	tab:gen H_ratio, Dirichlet FM 30ep/30k	1.022	0.0005	T0	runs/sflm_bench_a100_20g_L256/DirichletFM_ep30_d30k/eval_all.json	H_ratio	n=256 samples, 200 steps, L=256
G50	chapters/results.tex:70	tab:gen Delta@.50, Dirichlet FM 30ep/30k	0.193	0.0005	T0	runs/sflm_bench_a100_20g_L256/DirichletFM_ep30_d30k/recovery.json	rows[alpha=0.5].delta	transport-recovery headline
G51	chapters/results.tex:71	tab:gen KL_uni, Dirichlet FM full corpus	0.007	0.0005	T0	runs/sflm_bench_a100_20g_L256_d1280L14_full/DirichletFM_converge/eval_all.json	KL_uni	n=256 samples, 200 steps, L=256
G52	chapters/results.tex:71	tab:gen KL_bi, Dirichlet FM full corpus	0.130	0.0005	T0	runs/sflm_bench_a100_20g_L256_d1280L14_full/DirichletFM_converge/eval_all.json	KL_bi	n=256 samples, 200 steps, L=256
G53	chapters/results.tex:71	tab:gen KL_tri, Dirichlet FM full corpus	0.610	0.0005	T0	runs/sflm_bench_a100_20g_L256_d1280L14_full/DirichletFM_converge/eval_all.json	KL_tri	n=256 samples, 200 steps, L=256
G54	chapters/results.tex:71	tab:gen H_ratio, Dirichlet FM full corpus	1.023	0.0005	T0	runs/sflm_bench_a100_20g_L256_d1280L14_full/DirichletFM_converge/eval_all.json	H_ratio	n=256 samples, 200 steps, L=256
G55	chapters/results.tex:71	tab:gen Delta@.50, Dirichlet FM full corpus	0.282	0.0005	T0	runs/sflm_bench_a100_20g_L256_d1280L14_full/DirichletFM_converge/recovery.json	rows[alpha=0.5].delta	transport-recovery headline
G56	chapters/results.tex:131	tab:recovery tok_acc_pt, alpha=0.1	0.892	0.0005	T0	runs/sflm_bench_a100_20g_L256/DirichletFM/recovery_fine/alpha_0.1.json	rows[alpha=0.1].token_acc_perturbed	input-side, identical across all three budgets
G57	chapters/results.tex:131	tab:recovery Delta, 10ep, alpha=0.1	0.014	0.0005	T0	runs/sflm_bench_a100_20g_L256/DirichletFM/recovery_fine/alpha_0.1.json	rows[alpha=0.1].delta	ten-point fine ladder
G58	chapters/results.tex:131	tab:recovery Delta, 30ep, alpha=0.1	0.027	0.0005	T0	runs/sflm_bench_a100_20g_L256/DirichletFM_ep30_d30k/recovery_fine/alpha_0.1.json	rows[alpha=0.1].delta	ten-point fine ladder
G59	chapters/results.tex:131	tab:recovery Delta, full, alpha=0.1	0.033	0.0005	T0	runs/sflm_bench_a100_20g_L256_d1280L14_full/DirichletFM_converge/recovery_fine/alpha_0.1.json	rows[alpha=0.1].delta	ten-point fine ladder
G60	chapters/results.tex:131	tab:recovery KL_bi after recovery, 10ep, alpha=0.1	0.214	0.0005	T0	runs/sflm_bench_a100_20g_L256/DirichletFM/recovery_fine/alpha_0.1.json	rows[alpha=0.1].KL_bi	ten-point fine ladder
G61	chapters/results.tex:131	tab:recovery KL_bi after recovery, 30ep, alpha=0.1	0.157	0.0005	T0	runs/sflm_bench_a100_20g_L256/DirichletFM_ep30_d30k/recovery_fine/alpha_0.1.json	rows[alpha=0.1].KL_bi	ten-point fine ladder
G62	chapters/results.tex:131	tab:recovery KL_bi after recovery, full, alpha=0.1	0.124	0.0005	T0	runs/sflm_bench_a100_20g_L256_d1280L14_full/DirichletFM_converge/recovery_fine/alpha_0.1.json	rows[alpha=0.1].KL_bi	ten-point fine ladder
G63	chapters/results.tex:132	tab:recovery tok_acc_pt, alpha=0.2	0.843	0.0005	T0	runs/sflm_bench_a100_20g_L256/DirichletFM/recovery_fine/alpha_0.2.json	rows[alpha=0.2].token_acc_perturbed	input-side, identical across all three budgets
G64	chapters/results.tex:132	tab:recovery Delta, 10ep, alpha=0.2	0.032	0.0005	T0	runs/sflm_bench_a100_20g_L256/DirichletFM/recovery_fine/alpha_0.2.json	rows[alpha=0.2].delta	ten-point fine ladder
G65	chapters/results.tex:132	tab:recovery Delta, 30ep, alpha=0.2	0.063	0.0005	T0	runs/sflm_bench_a100_20g_L256/DirichletFM_ep30_d30k/recovery_fine/alpha_0.2.json	rows[alpha=0.2].delta	ten-point fine ladder
G66	chapters/results.tex:132	tab:recovery Delta, full, alpha=0.2	0.079	0.0005	T0	runs/sflm_bench_a100_20g_L256_d1280L14_full/DirichletFM_converge/recovery_fine/alpha_0.2.json	rows[alpha=0.2].delta	ten-point fine ladder
G67	chapters/results.tex:132	tab:recovery KL_bi after recovery, 10ep, alpha=0.2	0.247	0.0005	T0	runs/sflm_bench_a100_20g_L256/DirichletFM/recovery_fine/alpha_0.2.json	rows[alpha=0.2].KL_bi	ten-point fine ladder
G68	chapters/results.tex:132	tab:recovery KL_bi after recovery, 30ep, alpha=0.2	0.147	0.0005	T0	runs/sflm_bench_a100_20g_L256/DirichletFM_ep30_d30k/recovery_fine/alpha_0.2.json	rows[alpha=0.2].KL_bi	ten-point fine ladder
G69	chapters/results.tex:132	tab:recovery KL_bi after recovery, full, alpha=0.2	0.123	0.0005	T0	runs/sflm_bench_a100_20g_L256_d1280L14_full/DirichletFM_converge/recovery_fine/alpha_0.2.json	rows[alpha=0.2].KL_bi	ten-point fine ladder
G70	chapters/results.tex:133	tab:recovery tok_acc_pt, alpha=0.3	0.775	0.0005	T0	runs/sflm_bench_a100_20g_L256/DirichletFM/recovery_fine/alpha_0.3.json	rows[alpha=0.3].token_acc_perturbed	input-side, identical across all three budgets
G71	chapters/results.tex:133	tab:recovery Delta, 10ep, alpha=0.3	0.051	0.0005	T0	runs/sflm_bench_a100_20g_L256/DirichletFM/recovery_fine/alpha_0.3.json	rows[alpha=0.3].delta	ten-point fine ladder
G72	chapters/results.tex:133	tab:recovery Delta, 30ep, alpha=0.3	0.105	0.0005	T0	runs/sflm_bench_a100_20g_L256/DirichletFM_ep30_d30k/recovery_fine/alpha_0.3.json	rows[alpha=0.3].delta	ten-point fine ladder
G73	chapters/results.tex:133	tab:recovery Delta, full, alpha=0.3	0.139	0.0005	T0	runs/sflm_bench_a100_20g_L256_d1280L14_full/DirichletFM_converge/recovery_fine/alpha_0.3.json	rows[alpha=0.3].delta	ten-point fine ladder
G74	chapters/results.tex:133	tab:recovery KL_bi after recovery, 10ep, alpha=0.3	0.319	0.0005	T0	runs/sflm_bench_a100_20g_L256/DirichletFM/recovery_fine/alpha_0.3.json	rows[alpha=0.3].KL_bi	ten-point fine ladder
G75	chapters/results.tex:133	tab:recovery KL_bi after recovery, 30ep, alpha=0.3	0.161	0.0005	T0	runs/sflm_bench_a100_20g_L256/DirichletFM_ep30_d30k/recovery_fine/alpha_0.3.json	rows[alpha=0.3].KL_bi	ten-point fine ladder
G76	chapters/results.tex:133	tab:recovery KL_bi after recovery, full, alpha=0.3	0.128	0.0005	T0	runs/sflm_bench_a100_20g_L256_d1280L14_full/DirichletFM_converge/recovery_fine/alpha_0.3.json	rows[alpha=0.3].KL_bi	ten-point fine ladder
G77	chapters/results.tex:134	tab:recovery tok_acc_pt, alpha=0.4	0.683	0.0005	T0	runs/sflm_bench_a100_20g_L256/DirichletFM/recovery_fine/alpha_0.4.json	rows[alpha=0.4].token_acc_perturbed	input-side, identical across all three budgets
G78	chapters/results.tex:134	tab:recovery Delta, 10ep, alpha=0.4	0.073	0.0005	T0	runs/sflm_bench_a100_20g_L256/DirichletFM/recovery_fine/alpha_0.4.json	rows[alpha=0.4].delta	ten-point fine ladder
G79	chapters/results.tex:134	tab:recovery Delta, 30ep, alpha=0.4	0.155	0.0005	T0	runs/sflm_bench_a100_20g_L256/DirichletFM_ep30_d30k/recovery_fine/alpha_0.4.json	rows[alpha=0.4].delta	ten-point fine ladder
G80	chapters/results.tex:134	tab:recovery Delta, full, alpha=0.4	0.213	0.0005	T0	runs/sflm_bench_a100_20g_L256_d1280L14_full/DirichletFM_converge/recovery_fine/alpha_0.4.json	rows[alpha=0.4].delta	ten-point fine ladder
G81	chapters/results.tex:134	tab:recovery KL_bi after recovery, 10ep, alpha=0.4	0.403	0.0005	T0	runs/sflm_bench_a100_20g_L256/DirichletFM/recovery_fine/alpha_0.4.json	rows[alpha=0.4].KL_bi	ten-point fine ladder
G82	chapters/results.tex:134	tab:recovery KL_bi after recovery, 30ep, alpha=0.4	0.164	0.0005	T0	runs/sflm_bench_a100_20g_L256/DirichletFM_ep30_d30k/recovery_fine/alpha_0.4.json	rows[alpha=0.4].KL_bi	ten-point fine ladder
G83	chapters/results.tex:134	tab:recovery KL_bi after recovery, full, alpha=0.4	0.129	0.0005	T0	runs/sflm_bench_a100_20g_L256_d1280L14_full/DirichletFM_converge/recovery_fine/alpha_0.4.json	rows[alpha=0.4].KL_bi	ten-point fine ladder
G84	chapters/results.tex:135	tab:recovery tok_acc_pt, alpha=0.5	0.580	0.0005	T0	runs/sflm_bench_a100_20g_L256/DirichletFM/recovery_fine/alpha_0.5.json	rows[alpha=0.5].token_acc_perturbed	input-side, identical across all three budgets
G85	chapters/results.tex:135	tab:recovery Delta, 10ep, alpha=0.5	0.090	0.0005	T0	runs/sflm_bench_a100_20g_L256/DirichletFM/recovery_fine/alpha_0.5.json	rows[alpha=0.5].delta	ten-point fine ladder
G86	chapters/results.tex:135	tab:recovery Delta, 30ep, alpha=0.5	0.193	0.0005	T0	runs/sflm_bench_a100_20g_L256/DirichletFM_ep30_d30k/recovery_fine/alpha_0.5.json	rows[alpha=0.5].delta	ten-point fine ladder
G87	chapters/results.tex:135	tab:recovery Delta, full, alpha=0.5	0.282	0.0005	T0	runs/sflm_bench_a100_20g_L256_d1280L14_full/DirichletFM_converge/recovery_fine/alpha_0.5.json	rows[alpha=0.5].delta	ten-point fine ladder
G88	chapters/results.tex:135	tab:recovery KL_bi after recovery, 10ep, alpha=0.5	0.525	0.0005	T0	runs/sflm_bench_a100_20g_L256/DirichletFM/recovery_fine/alpha_0.5.json	rows[alpha=0.5].KL_bi	ten-point fine ladder
G89	chapters/results.tex:135	tab:recovery KL_bi after recovery, 30ep, alpha=0.5	0.170	0.0005	T0	runs/sflm_bench_a100_20g_L256/DirichletFM_ep30_d30k/recovery_fine/alpha_0.5.json	rows[alpha=0.5].KL_bi	ten-point fine ladder
G90	chapters/results.tex:135	tab:recovery KL_bi after recovery, full, alpha=0.5	0.130	0.0005	T0	runs/sflm_bench_a100_20g_L256_d1280L14_full/DirichletFM_converge/recovery_fine/alpha_0.5.json	rows[alpha=0.5].KL_bi	ten-point fine ladder
G91	chapters/results.tex:136	tab:recovery tok_acc_pt, alpha=0.6	0.458	0.0005	T0	runs/sflm_bench_a100_20g_L256/DirichletFM/recovery_fine/alpha_0.6.json	rows[alpha=0.6].token_acc_perturbed	input-side, identical across all three budgets
G92	chapters/results.tex:136	tab:recovery Delta, 10ep, alpha=0.6	0.102	0.0005	T0	runs/sflm_bench_a100_20g_L256/DirichletFM/recovery_fine/alpha_0.6.json	rows[alpha=0.6].delta	ten-point fine ladder
G93	chapters/results.tex:136	tab:recovery Delta, 30ep, alpha=0.6	0.213	0.0005	T0	runs/sflm_bench_a100_20g_L256/DirichletFM_ep30_d30k/recovery_fine/alpha_0.6.json	rows[alpha=0.6].delta	ten-point fine ladder
G94	chapters/results.tex:136	tab:recovery Delta, full, alpha=0.6	0.324	0.0005	T0	runs/sflm_bench_a100_20g_L256_d1280L14_full/DirichletFM_converge/recovery_fine/alpha_0.6.json	rows[alpha=0.6].delta	ten-point fine ladder
G95	chapters/results.tex:136	tab:recovery KL_bi after recovery, 10ep, alpha=0.6	0.678	0.0005	T0	runs/sflm_bench_a100_20g_L256/DirichletFM/recovery_fine/alpha_0.6.json	rows[alpha=0.6].KL_bi	ten-point fine ladder
G96	chapters/results.tex:136	tab:recovery KL_bi after recovery, 30ep, alpha=0.6	0.175	0.0005	T0	runs/sflm_bench_a100_20g_L256/DirichletFM_ep30_d30k/recovery_fine/alpha_0.6.json	rows[alpha=0.6].KL_bi	ten-point fine ladder
G97	chapters/results.tex:136	tab:recovery KL_bi after recovery, full, alpha=0.6	0.129	0.0005	T0	runs/sflm_bench_a100_20g_L256_d1280L14_full/DirichletFM_converge/recovery_fine/alpha_0.6.json	rows[alpha=0.6].KL_bi	ten-point fine ladder
G98	chapters/results.tex:137	tab:recovery tok_acc_pt, alpha=0.7	0.330	0.0005	T0	runs/sflm_bench_a100_20g_L256/DirichletFM/recovery_fine/alpha_0.7.json	rows[alpha=0.7].token_acc_perturbed	input-side, identical across all three budgets
G99	chapters/results.tex:137	tab:recovery Delta, 10ep, alpha=0.7	0.101	0.0005	T0	runs/sflm_bench_a100_20g_L256/DirichletFM/recovery_fine/alpha_0.7.json	rows[alpha=0.7].delta	ten-point fine ladder
G100	chapters/results.tex:137	tab:recovery Delta, 30ep, alpha=0.7	0.190	0.0005	T0	runs/sflm_bench_a100_20g_L256/DirichletFM_ep30_d30k/recovery_fine/alpha_0.7.json	rows[alpha=0.7].delta	ten-point fine ladder
G101	chapters/results.tex:137	tab:recovery Delta, full, alpha=0.7	0.289	0.0005	T0	runs/sflm_bench_a100_20g_L256_d1280L14_full/DirichletFM_converge/recovery_fine/alpha_0.7.json	rows[alpha=0.7].delta	ten-point fine ladder
G102	chapters/results.tex:137	tab:recovery KL_bi after recovery, 10ep, alpha=0.7	0.789	0.0005	T0	runs/sflm_bench_a100_20g_L256/DirichletFM/recovery_fine/alpha_0.7.json	rows[alpha=0.7].KL_bi	ten-point fine ladder
G103	chapters/results.tex:137	tab:recovery KL_bi after recovery, 30ep, alpha=0.7	0.187	0.0005	T0	runs/sflm_bench_a100_20g_L256/DirichletFM_ep30_d30k/recovery_fine/alpha_0.7.json	rows[alpha=0.7].KL_bi	ten-point fine ladder
G104	chapters/results.tex:137	tab:recovery KL_bi after recovery, full, alpha=0.7	0.125	0.0005	T0	runs/sflm_bench_a100_20g_L256_d1280L14_full/DirichletFM_converge/recovery_fine/alpha_0.7.json	rows[alpha=0.7].KL_bi	ten-point fine ladder
G105	chapters/results.tex:138	tab:recovery tok_acc_pt, alpha=0.8	0.206	0.0005	T0	runs/sflm_bench_a100_20g_L256/DirichletFM/recovery_fine/alpha_0.8.json	rows[alpha=0.8].token_acc_perturbed	input-side, identical across all three budgets
G106	chapters/results.tex:138	tab:recovery Delta, 10ep, alpha=0.8	0.094	0.0005	T0	runs/sflm_bench_a100_20g_L256/DirichletFM/recovery_fine/alpha_0.8.json	rows[alpha=0.8].delta	ten-point fine ladder
G107	chapters/results.tex:138	tab:recovery Delta, 30ep, alpha=0.8	0.147	0.0005	T0	runs/sflm_bench_a100_20g_L256/DirichletFM_ep30_d30k/recovery_fine/alpha_0.8.json	rows[alpha=0.8].delta	ten-point fine ladder
G108	chapters/results.tex:138	tab:recovery Delta, full, alpha=0.8	0.184	0.0005	T0	runs/sflm_bench_a100_20g_L256_d1280L14_full/DirichletFM_converge/recovery_fine/alpha_0.8.json	rows[alpha=0.8].delta	ten-point fine ladder
G109	chapters/results.tex:138	tab:recovery KL_bi after recovery, 10ep, alpha=0.8	0.885	0.0005	T0	runs/sflm_bench_a100_20g_L256/DirichletFM/recovery_fine/alpha_0.8.json	rows[alpha=0.8].KL_bi	ten-point fine ladder
G110	chapters/results.tex:138	tab:recovery KL_bi after recovery, 30ep, alpha=0.8	0.189	0.0005	T0	runs/sflm_bench_a100_20g_L256/DirichletFM_ep30_d30k/recovery_fine/alpha_0.8.json	rows[alpha=0.8].KL_bi	ten-point fine ladder
G111	chapters/results.tex:138	tab:recovery KL_bi after recovery, full, alpha=0.8	0.122	0.0005	T0	runs/sflm_bench_a100_20g_L256_d1280L14_full/DirichletFM_converge/recovery_fine/alpha_0.8.json	rows[alpha=0.8].KL_bi	ten-point fine ladder
G112	chapters/results.tex:139	tab:recovery tok_acc_pt, alpha=0.9	0.104	0.0005	T0	runs/sflm_bench_a100_20g_L256/DirichletFM/recovery_fine/alpha_0.9.json	rows[alpha=0.9].token_acc_perturbed	input-side, identical across all three budgets
G113	chapters/results.tex:139	tab:recovery Delta, 10ep, alpha=0.9	0.068	0.0005	T0	runs/sflm_bench_a100_20g_L256/DirichletFM/recovery_fine/alpha_0.9.json	rows[alpha=0.9].delta	ten-point fine ladder
G114	chapters/results.tex:139	tab:recovery Delta, 30ep, alpha=0.9	0.080	0.0005	T0	runs/sflm_bench_a100_20g_L256/DirichletFM_ep30_d30k/recovery_fine/alpha_0.9.json	rows[alpha=0.9].delta	ten-point fine ladder
G115	chapters/results.tex:139	tab:recovery Delta, full, alpha=0.9	0.082	0.0005	T0	runs/sflm_bench_a100_20g_L256_d1280L14_full/DirichletFM_converge/recovery_fine/alpha_0.9.json	rows[alpha=0.9].delta	ten-point fine ladder
G116	chapters/results.tex:139	tab:recovery KL_bi after recovery, 10ep, alpha=0.9	0.944	0.0005	T0	runs/sflm_bench_a100_20g_L256/DirichletFM/recovery_fine/alpha_0.9.json	rows[alpha=0.9].KL_bi	ten-point fine ladder
G117	chapters/results.tex:139	tab:recovery KL_bi after recovery, 30ep, alpha=0.9	0.206	0.0005	T0	runs/sflm_bench_a100_20g_L256/DirichletFM_ep30_d30k/recovery_fine/alpha_0.9.json	rows[alpha=0.9].KL_bi	ten-point fine ladder
G118	chapters/results.tex:139	tab:recovery KL_bi after recovery, full, alpha=0.9	0.141	0.0005	T0	runs/sflm_bench_a100_20g_L256_d1280L14_full/DirichletFM_converge/recovery_fine/alpha_0.9.json	rows[alpha=0.9].KL_bi	ten-point fine ladder
G119	chapters/results.tex:140	tab:recovery tok_acc_pt, alpha=1.0	0.037	0.0005	T0	runs/sflm_bench_a100_20g_L256/DirichletFM/recovery_fine/alpha_1.0.json	rows[alpha=1.0].token_acc_perturbed	input-side, identical across all three budgets
G120	chapters/results.tex:140	tab:recovery Delta, 10ep, alpha=1.0	0.035	0.0005	T0	runs/sflm_bench_a100_20g_L256/DirichletFM/recovery_fine/alpha_1.0.json	rows[alpha=1.0].delta	ten-point fine ladder
G121	chapters/results.tex:140	tab:recovery Delta, 30ep, alpha=1.0	0.036	0.0005	T0	runs/sflm_bench_a100_20g_L256/DirichletFM_ep30_d30k/recovery_fine/alpha_1.0.json	rows[alpha=1.0].delta	ten-point fine ladder
G122	chapters/results.tex:140	tab:recovery Delta, full, alpha=1.0	0.036	0.0005	T0	runs/sflm_bench_a100_20g_L256_d1280L14_full/DirichletFM_converge/recovery_fine/alpha_1.0.json	rows[alpha=1.0].delta	ten-point fine ladder
G123	chapters/results.tex:140	tab:recovery KL_bi after recovery, 10ep, alpha=1.0	0.969	0.0005	T0	runs/sflm_bench_a100_20g_L256/DirichletFM/recovery_fine/alpha_1.0.json	rows[alpha=1.0].KL_bi	ten-point fine ladder
G124	chapters/results.tex:140	tab:recovery KL_bi after recovery, 30ep, alpha=1.0	0.195	0.0005	T0	runs/sflm_bench_a100_20g_L256/DirichletFM_ep30_d30k/recovery_fine/alpha_1.0.json	rows[alpha=1.0].KL_bi	ten-point fine ladder
G125	chapters/results.tex:140	tab:recovery KL_bi after recovery, full, alpha=1.0	0.124	0.0005	T0	runs/sflm_bench_a100_20g_L256_d1280L14_full/DirichletFM_converge/recovery_fine/alpha_1.0.json	rows[alpha=1.0].KL_bi	ten-point fine ladder
G126	chapters/results.tex:196	tab:latent PC1-2 probe AUROC, sequence/replace	0.938	0.0005	T0	bench_ood_final/latent_split_all/latent_split.json	per_sequence.replace.pca_pc12_probe_auroc	rate 0.3, n=256, final ckpt
G127	chapters/results.tex:196	tab:latent LDA/hinge axis AUROC, sequence/replace	1.000	0.0005	T0	bench_ood_final/latent_split_all/latent_split.json	per_sequence.replace.lda_axis_auroc	rate 0.3, n=256, final ckpt
G128	chapters/results.tex:196	tab:latent full-dim probe AUROC, sequence/replace	1.000	0.0005	T0	bench_ood_final/latent_split_all/latent_split.json	per_sequence.replace.full_dim_linear_auroc	rate 0.3, n=256, final ckpt
G129	chapters/results.tex:197	tab:latent PC1-2 probe AUROC, sequence/shuffle	0.922	0.0005	T0	bench_ood_final/latent_split_all/latent_split.json	per_sequence.shuffle.pca_pc12_probe_auroc	rate 0.3, n=256, final ckpt
G130	chapters/results.tex:197	tab:latent LDA/hinge axis AUROC, sequence/shuffle	1.000	0.0005	T0	bench_ood_final/latent_split_all/latent_split.json	per_sequence.shuffle.lda_axis_auroc	rate 0.3, n=256, final ckpt
G131	chapters/results.tex:197	tab:latent full-dim probe AUROC, sequence/shuffle	1.000	0.0005	T0	bench_ood_final/latent_split_all/latent_split.json	per_sequence.shuffle.full_dim_linear_auroc	rate 0.3, n=256, final ckpt
G132	chapters/results.tex:198	tab:latent PC1-2 probe AUROC, sequence/falseinfo	0.594	0.0005	T0	bench_ood_final/latent_split_all/latent_split.json	per_sequence.falseinfo.pca_pc12_probe_auroc	rate 0.3, n=256, final ckpt
G133	chapters/results.tex:198	tab:latent LDA/hinge axis AUROC, sequence/falseinfo	0.916	0.0005	T0	bench_ood_final/latent_split_all/latent_split.json	per_sequence.falseinfo.lda_axis_auroc	rate 0.3, n=256, final ckpt
G134	chapters/results.tex:198	tab:latent full-dim probe AUROC, sequence/falseinfo	0.991	0.0005	T0	bench_ood_final/latent_split_all/latent_split.json	per_sequence.falseinfo.full_dim_linear_auroc	rate 0.3, n=256, final ckpt
G135	chapters/results.tex:199	tab:latent PC1-2 probe AUROC, sequence/plausible	0.605	0.0005	T0	bench_ood_final/latent_split_plausible/latent_split.json	per_sequence.plausible.pca_pc12_probe_auroc	rate 0.3, n=256, final ckpt
G136	chapters/results.tex:199	tab:latent LDA/hinge axis AUROC, sequence/plausible	0.942	0.0005	T0	bench_ood_final/latent_split_plausible/latent_split.json	per_sequence.plausible.lda_axis_auroc	rate 0.3, n=256, final ckpt
G137	chapters/results.tex:199	tab:latent full-dim probe AUROC, sequence/plausible	0.997	0.0005	T0	bench_ood_final/latent_split_plausible/latent_split.json	per_sequence.plausible.full_dim_linear_auroc	rate 0.3, n=256, final ckpt
G138	chapters/results.tex:201	tab:latent PC1-2 probe AUROC, token/replace	0.546	0.0005	T0	bench_ood_final/latent_split_all/latent_split.json	per_token.replace.pca_pc12_probe_auroc	rate 0.3, n=256, final ckpt
G139	chapters/results.tex:201	tab:latent LDA/hinge axis AUROC, token/replace	0.967	0.0005	T0	bench_ood_final/latent_split_all/latent_split.json	per_token.replace.energy_axis_auroc	rate 0.3, n=256, final ckpt
G140	chapters/results.tex:201	tab:latent full-dim probe AUROC, token/replace	1.000	0.0005	T0	bench_ood_final/latent_split_all/latent_split.json	per_token.replace.full_dim_linear_auroc	rate 0.3, n=256, final ckpt
G141	chapters/results.tex:202	tab:latent PC1-2 probe AUROC, token/shuffle	0.519	0.0005	T0	bench_ood_final/latent_split_all/latent_split.json	per_token.shuffle.pca_pc12_probe_auroc	rate 0.3, n=256, final ckpt
G142	chapters/results.tex:202	tab:latent LDA/hinge axis AUROC, token/shuffle	0.963	0.0005	T0	bench_ood_final/latent_split_all/latent_split.json	per_token.shuffle.energy_axis_auroc	rate 0.3, n=256, final ckpt
G143	chapters/results.tex:202	tab:latent full-dim probe AUROC, token/shuffle	1.000	0.0005	T0	bench_ood_final/latent_split_all/latent_split.json	per_token.shuffle.full_dim_linear_auroc	rate 0.3, n=256, final ckpt
G144	chapters/results.tex:203	tab:latent PC1-2 probe AUROC, token/falseinfo	0.560	0.0005	T0	bench_ood_final/latent_split_all/latent_split.json	per_token.falseinfo.pca_pc12_probe_auroc	rate 0.3, n=256, final ckpt
G145	chapters/results.tex:203	tab:latent LDA/hinge axis AUROC, token/falseinfo	0.808	0.0005	T0	bench_ood_final/latent_split_all/latent_split.json	per_token.falseinfo.energy_axis_auroc	rate 0.3, n=256, final ckpt
G146	chapters/results.tex:203	tab:latent full-dim probe AUROC, token/falseinfo	0.944	0.0005	T0	bench_ood_final/latent_split_all/latent_split.json	per_token.falseinfo.full_dim_linear_auroc	rate 0.3, n=256, final ckpt
G147	chapters/results.tex:204	tab:latent PC1-2 probe AUROC, token/plausible	0.588	0.0005	T0	bench_ood_final/latent_split_plausible/latent_split.json	per_token.plausible.pca_pc12_probe_auroc	rate 0.3, n=256, final ckpt
G148	chapters/results.tex:204	tab:latent LDA/hinge axis AUROC, token/plausible	0.913	0.0005	T0	bench_ood_final/latent_split_plausible/latent_split.json	per_token.plausible.energy_axis_auroc	rate 0.3, n=256, final ckpt
G149	chapters/results.tex:204	tab:latent full-dim probe AUROC, token/plausible	0.992	0.0005	T0	bench_ood_final/latent_split_plausible/latent_split.json	per_token.plausible.full_dim_linear_auroc	rate 0.3, n=256, final ckpt
G150	chapters/results.tex:18	setup: benchmark training windows	10000	0.5	T0	runs/sflm_bench_a100_20g_L256/DirichletFM/train_meta.json	max_train_windows	10000 x 256 chars = 2.56M ~ '2.6M characters'
G151	chapters/results.tex:18	setup: benchmark batch size	8	0.5	T0	runs/sflm_bench_a100_20g_L256/DirichletFM/train_meta.json	batch	
G152	chapters/results.tex:18	setup: sequence length L	256	0.5	T0	runs/sflm_bench_a100_20g_L256/DirichletFM/train_meta.json	L	
G153	chapters/results.tex:18	setup: benchmark epochs	10	0.5	T0	runs/sflm_bench_a100_20g_L256/DirichletFM/eval_all.json	epoch	checkpoint epoch recorded by eval_all
G154	chapters/results.tex:20	setup: generation sample count n	256	0.5	T0	runs/sflm_bench_a100_20g_L256/DirichletFM/eval_all.json	n_samples	
G155	chapters/results.tex:20	setup: sampler steps	200	0.5	T0	runs/sflm_bench_a100_20g_L256/DirichletFM/eval_all.json	sample_steps	
G156	chapters/results.tex:24	setup: extended-run epochs	30	0.5	T0	runs/sflm_bench_a100_20g_L256/DirichletFM_ep30_d30k/eval_all.json	epoch	
G157	chapters/results.tex:24	setup: extended-run windows	30000	0.5	T0	runs/sflm_bench_a100_20g_L256/DirichletFM_ep30_d30k/train_meta.json	max_train_windows	
G158	chapters/results.tex:25	setup: full-corpus starting batch	48	0.5	T0	runs/sflm_bench_a100_20g_L256_d1280L14_full/DirichletFM/train_meta.json	batch	launch batch; OOM ladder later halved it to 24
G159	chapters/results.tex:25	setup: peak GPU memory at batch 48 (GB)	18.7	0.05	T0	runs/sflm_bench_a100_20g_L256_d1280L14_full/batch_probe.json	results[batch=48].peak_gb	probe_batch_throughput.py
G160	chapters/results.tex:25	setup: probe-selected best batch	48	0.5	T0	runs/sflm_bench_a100_20g_L256_d1280L14_full/batch_probe.json	best.batch	
G161	chapters/results.tex:26	setup: final anneal batch size	16	0.5	T0	runs/sflm_bench_a100_20g_L256_d1280L14_full/DirichletFM_converge/train_meta.json	batch	the 'then 16' leg
G162	chapters/results.tex:87	gen-scaling: transport gain before the final anneal	0.256	0.0005	T0	runs/sflm_bench_a100_20g_L256_d1280L14_full/DirichletFM/recovery.json	rows[alpha=0.5].delta	the ten-epoch capped checkpoint
G163	chapters/results.tex:87	gen-scaling: transport gain after the final anneal	0.282	0.0005	T0	runs/sflm_bench_a100_20g_L256_d1280L14_full/DirichletFM_converge/recovery.json	rows[alpha=0.5].delta	
G164	chapters/results.tex:87	gen-scaling: ten-epoch KL_bi (the 'within 0.001' comparator)	0.13	0.0005	T1	runs/sflm_bench_a100_20g_L256_d1280L14_full/DirichletFM/eval_all.json	KL_bi	converge reads 0.129928; |diff| 0.0004 < 0.001
G165	chapters/results.tex:87	gen-scaling: ten-epoch KL_tri (the 'within 0.001' comparator)	0.609	0.0005	T1	runs/sflm_bench_a100_20g_L256_d1280L14_full/DirichletFM/eval_all.json	KL_tri	converge reads 0.609995; |diff| 0.0005 < 0.001
G166	chapters/results.tex:87	gen-scaling: ten-epoch KL_uni (the 'within 0.001' comparator)	0.007	0.0005	T1	runs/sflm_bench_a100_20g_L256_d1280L14_full/DirichletFM/eval_all.json	KL_uni	converge reads 0.006682; |diff| 0.0002 < 0.001
G167	chapters/results.tex:158	latent: clean test sequences n	256	0.5	T0	bench_ood_final/latent_split_all/latent_split.json	n	
G168	chapters/results.tex:158	latent: corruption rate	0.3	0.005	T0	bench_ood_final/latent_split_all/latent_split.json	rate	
G169	chapters/results.tex:159	latent: deterministic-mean readout t_eval	4.5	0.05	T0	bench_ood_final/latent_split_all/latent_split.json	t_eval	
G170	chapters/results.tex:163	latent: feature dimension	1280	0.5	T0	bench_ood_final/latent_split_all/latent_split.json	d_model	full-dimension probe width
G171	chapters/results.tex:189	tab:latent caption: axis fit sequences	192	0.5	T0	bench_ood_final/latent_split_all/latent_split.json	fit_seqs	disjoint fit set
G172	chapters/results.tex:219	fig:latent-token caption: tokens per class	4000	0.5	T0	bench_ood_final/latent_split_all/latent_split.json	per_token.replace.n_per_class	
G173	chapters/results.tex:180	fig:latent-seq caption: plausible sequence LDA AUROC	0.942	0.0005	T0	bench_ood_final/latent_split_plausible/latent_split.json	per_sequence.plausible.lda_axis_auroc	the '0.942 against 0.916' pair
G174	chapters/results.tex:180	fig:latent-seq caption: false-information sequence LDA AUROC	0.916	0.0005	T0	bench_ood_final/latent_split_all/latent_split.json	per_sequence.falseinfo.lda_axis_auroc	the '0.942 against 0.916' pair
G175	chapters/results.tex:42	prose: Dirichlet FM KL_bi below one	0.959	0.0005	T0	runs/sflm_bench_a100_20g_L256/DirichletFM/eval_all.json	KL_bi	restates tab:gen
G176	chapters/results.tex:42	prose: Dirichlet FM largest transport gain	0.09	0.0005	T0	runs/sflm_bench_a100_20g_L256/DirichletFM/recovery.json	rows[alpha=0.5].delta	restates tab:gen
G177	chapters/results.tex:43	prose: transport-arm KL_uni upper bound (SFLM, the max)	0.019	0.0005	T0	runs/sflm_bench_a100_20g_L256/SFLM/eval_all.json	KL_uni	'KL_uni <= 0.019' binds at SFLM
G178	chapters/results.tex:43	prose: transport-arm KL_bi lower bound (SFLM, the min)	1.378	0.0005	T0	runs/sflm_bench_a100_20g_L256/SFLM/eval_all.json	KL_bi	'KL_bi >= 1.378' binds at SFLM
G179	chapters/results.tex:45	prose: EqM KL_bi lower bound (EqM_OneHot, the min)	2.226	0.0005	T0	runs/sflm_bench_a100_20g_L256/EqM_OneHot/eval_all.json	KL_bi	'KL_bi >= 2.226' binds at the deterministic-clr arm
G180	chapters/results.tex:45	prose: EqM transport-gain upper bound (EqM, the max)	0.004	0.0005	T0	runs/sflm_bench_a100_20g_L256/EqM/recovery.json	rows[alpha=0.5].delta	'Delta <= +0.004' binds at the thickened arm
G181	chapters/results.tex:77	prose: FM on clr entropy ratio	0.999	0.0005	T0	runs/sflm_bench_a100_20g_L256/FMonCLR/eval_all.json	H_ratio	restates tab:gen
G182	chapters/results.tex:77	prose: FM on clr KL_bi	1.501	0.0005	T0	runs/sflm_bench_a100_20g_L256/FMonCLR/eval_all.json	KL_bi	restates tab:gen
N1	chapters/results.tex:312	KL_uni, fixed-interpolant x deterministic clr	0.031	0.0005	T0	runs/compu_mse_det/eval.json	unigram_kl	tab:ablation2x2 r1c1; the unigram-collapse cell; L=40 dev scale, 10k train windows, seed 42
N2	chapters/results.tex:312	KL_bi, fixed-interpolant x deterministic clr	1.657	0.0005	T0	runs/compu_mse_det/eval.json	bigram_kl	tab:ablation2x2 r1c2; the 'floor rather than achievement' number cited again at line 289
N3	chapters/results.tex:312	Delta@.50, fixed-interpolant x deterministic clr	0.000	0.0005	T0	runs/compu_mse_det/recovery.json	rows[mode=recovery,alpha=0.5].delta	tab:ablation2x2 r1c3; sampler does no recovery work
N4	chapters/results.tex:313	KL_uni, fixed-interpolant x Dirichlet-thickened	0.660	0.0005	T0	runs/compu_mse_thick/eval.json	unigram_kl	tab:ablation2x2 r2c1
N5	chapters/results.tex:313	KL_bi, fixed-interpolant x Dirichlet-thickened	5.990	0.0005	T0	runs/compu_mse_thick/eval.json	bigram_kl	tab:ablation2x2 r2c2
N6	chapters/results.tex:313	Delta@.50, fixed-interpolant x Dirichlet-thickened	0.050	0.0005	T0	runs/compu_mse_thick/recovery.json	rows[mode=recovery,alpha=0.5].delta	tab:ablation2x2 r2c3; bold in the paper
N7	chapters/results.tex:314	KL_uni, DSM x deterministic clr	0.285	0.0005	T0	runs/dsmx_clr_det/eval.json	unigram_kl	tab:ablation2x2 r3c1; model_name ScoreDSM_CLR
N8	chapters/results.tex:314	KL_bi, DSM x deterministic clr	3.572	0.0005	T0	runs/dsmx_clr_det/eval.json	bigram_kl	tab:ablation2x2 r3c2
N9	chapters/results.tex:314	Delta@.50, DSM x deterministic clr	-0.158	0.0005	T0	runs/dsmx_clr_det/recovery.json	rows[mode=recovery,alpha=0.5].delta	tab:ablation2x2 r3c3; annealed Langevin sampler makes it worse
N10	chapters/results.tex:315	KL_uni, DSM x Dirichlet-thickened	0.351	0.0005	T0	runs/dsmx_clr_dir/eval.json	unigram_kl	tab:ablation2x2 r4c1; dir = Dirichlet-thickened endpoint, NOT deterministic
N11	chapters/results.tex:315	KL_bi, DSM x Dirichlet-thickened	3.976	0.0005	T0	runs/dsmx_clr_dir/eval.json	bigram_kl	tab:ablation2x2 r4c2
N12	chapters/results.tex:315	Delta@.50, DSM x Dirichlet-thickened	-0.215	0.0005	T0	runs/dsmx_clr_dir/recovery.json	rows[mode=recovery,alpha=0.5].delta	tab:ablation2x2 r4c3
N13	chapters/results.tex:312	KL_uni r1c1 via consolidated readout	0.031	0.0005	T0	runs/compu_matched_summary.json	compu_mse_det.KL_uni	proves runs/compu_matched_summary.json is the table's consolidated readout; keep it
N14	chapters/results.tex:314	KL_bi r3c2 via consolidated readout	3.572	0.0005	T0	runs/dsmx_summary.json	dsmx_clr_det.KL_bi	proves runs/dsmx_summary.json is the DSM rows' consolidated readout; keep it
N15	chapters/results.tex:331	acc@.10, Thickened MSE	1.00	0.005	T0	runs/compu_mse_thick/recovery.json	rows[mode=recovery,alpha=0.1].token_acc	tab:hilbert-null r1c1
N16	chapters/results.tex:331	acc@.30, Thickened MSE	0.90	0.005	T0	runs/compu_mse_thick/recovery.json	rows[mode=recovery,alpha=0.3].token_acc	tab:hilbert-null r1c2; 0.904785 rounds down at exactly half a unit
N17	chapters/results.tex:331	acc@.50, Thickened MSE	0.58	0.005	T0	runs/compu_mse_thick/recovery.json	rows[mode=recovery,alpha=0.5].token_acc	tab:hilbert-null r1c3
N18	chapters/results.tex:331	Delta@.50, Thickened MSE	0.050	0.0005	T0	runs/compu_mse_thick/recovery.json	rows[mode=recovery,alpha=0.5].delta	tab:hilbert-null r1c4; same cell as N6, cross-referenced in the caption
N19	chapters/results.tex:332	acc@.10, Thickened Hilbert	1.00	0.005	T0	runs/compu_hilbert_thick/recovery.json	rows[mode=recovery,alpha=0.1].token_acc	tab:hilbert-null r2c1; loss.mode hilbert_soft = the SMOOTHED Hilbert loss
N20	chapters/results.tex:332	acc@.30, Thickened Hilbert	0.91	0.005	T0	runs/compu_hilbert_thick/recovery.json	rows[mode=recovery,alpha=0.3].token_acc	tab:hilbert-null r2c2
N21	chapters/results.tex:332	acc@.50, Thickened Hilbert	0.58	0.005	T0	runs/compu_hilbert_thick/recovery.json	rows[mode=recovery,alpha=0.5].token_acc	tab:hilbert-null r2c3
N22	chapters/results.tex:332	Delta@.50, Thickened Hilbert	0.048	0.0005	T0	runs/compu_hilbert_thick/recovery.json	rows[mode=recovery,alpha=0.5].delta	tab:hilbert-null r2c4
N23	chapters/results.tex:333	acc@.10, Deterministic clr MSE	1.00	0.005	T0	runs/compu_mse_det/recovery.json	rows[mode=recovery,alpha=0.1].token_acc	tab:hilbert-null r3c1; same run as tab:ablation2x2 r1
N24	chapters/results.tex:333	acc@.30, Deterministic clr MSE	0.90	0.005	T0	runs/compu_mse_det/recovery.json	rows[mode=recovery,alpha=0.3].token_acc	tab:hilbert-null r3c2
N25	chapters/results.tex:333	acc@.50, Deterministic clr MSE	0.53	0.005	T0	runs/compu_mse_det/recovery.json	rows[mode=recovery,alpha=0.5].token_acc	tab:hilbert-null r3c3; equals the perturbed input, i.e. no work done
N26	chapters/results.tex:333	Delta@.50, Deterministic clr MSE	0.000	0.0005	T0	runs/compu_mse_det/recovery.json	rows[mode=recovery,alpha=0.5].delta	tab:hilbert-null r3c4
N27	chapters/results.tex:334	acc@.10, Deterministic clr Hilbert	1.00	0.005	T0	runs/compu_hilbert_det/recovery.json	rows[mode=recovery,alpha=0.1].token_acc	tab:hilbert-null r4c1
N28	chapters/results.tex:334	acc@.30, Deterministic clr Hilbert	0.90	0.005	T0	runs/compu_hilbert_det/recovery.json	rows[mode=recovery,alpha=0.3].token_acc	tab:hilbert-null r4c2
N29	chapters/results.tex:334	acc@.50, Deterministic clr Hilbert	0.53	0.005	T0	runs/compu_hilbert_det/recovery.json	rows[mode=recovery,alpha=0.5].token_acc	tab:hilbert-null r4c3
N30	chapters/results.tex:334	Delta@.50, Deterministic clr Hilbert	0.000	0.0005	T0	runs/compu_hilbert_det/recovery.json	rows[mode=recovery,alpha=0.5].delta	tab:hilbert-null r4c4
N31	chapters/results.tex:323	perturbed input accuracy at alpha=0.50, before any descent	0.528	0.0005	T0	runs/compu_mse_det/recovery.json	rows[mode=recovery,alpha=0.5].token_acc_perturbed	tab:hilbert-null caption; identical across all four cells, same corruption seed 1234
N32	chapters/results.tex:242	KL_uni, EqM deterministic clr, L=256	0.093	0.0005	T0	runs/sflm_bench_a100_20g_L256/EqM_OneHot/eval_all.json	KL_uni	arm dir EqM_OneHot is the deterministic-clr EqM variant; cell of tab:gen
N33	chapters/results.tex:242	KL_bi, EqM deterministic clr, L=256	2.226	0.0005	T0	runs/sflm_bench_a100_20g_L256/EqM_OneHot/eval_all.json	KL_bi	also the basis of the 'at least 2.3 times' ratio on line 252
N34	chapters/results.tex:243	KL_uni, EqM Dirichlet-thickened, L=256	0.611	0.0005	T0	runs/sflm_bench_a100_20g_L256/EqM/eval_all.json	KL_uni	arm dir EqM is the Dirichlet-thickened variant
N35	chapters/results.tex:243	H_ratio, EqM Dirichlet-thickened, L=256	1.154	0.0005	T0	runs/sflm_bench_a100_20g_L256/EqM/eval_all.json	H_ratio	spreads towards uniform
N36	chapters/results.tex:243	KL_bi, EqM VAE-latent, L=256	2.612	0.0005	T0	runs/sflm_bench_a100_20g_L256/EqMAE/eval_all.json	KL_bi	arm dir EqMAE is the VAE-latent variant
N37	chapters/results.tex:243	H_ratio, EqM VAE-latent, L=256	0.904	0.0005	T0	runs/sflm_bench_a100_20g_L256/EqMAE/eval_all.json	H_ratio	
N38	chapters/results.tex:252	KL_bi, Dirichlet FM matched budget, L=256	0.959	0.0005	T0	runs/sflm_bench_a100_20g_L256/DirichletFM/eval_all.json	KL_bi	paper's ac{dfm} = DirFM = Dirichlet Flow Matching; NOT the DFM/ arm dir
N39	chapters/results.tex:259	recovery gain Delta@.50, Dirichlet FM matched budget	0.090	0.0005	T0	runs/sflm_bench_a100_20g_L256/DirichletFM/recovery.json	rows[mode=recovery,alpha=0.5].delta	
N40	chapters/results.tex:259	recovery gain Delta@.50, Dirichlet FM full-corpus retraining	0.282	0.0005	T0	runs/sflm_bench_a100_20g_L256_d1280L14_full/DirichletFM_converge/recovery.json	rows[mode=recovery,alpha=0.5].delta	full-text8 DirichletFM_converge arm, the same tree bench_ood_final/bench_heal_final pin
N41	chapters/results.tex:258	lower end of the EqM recovery-gain range over the 5-point alpha ladder	-0.009	0.0005	T0	runs/sflm_bench_a100_20g_L256/EqMAE/recovery.json	rows[mode=recovery,alpha=0.5].delta	paper states the range bound; artifact min over all 3 variants x 5 alphas is this cell
N42	chapters/results.tex:258	upper end of the EqM recovery-gain range over the 5-point alpha ladder	0.005	0.0005	T0	runs/sflm_bench_a100_20g_L256/EqM/recovery.json	rows[mode=recovery,alpha=1.0].delta	paper states the range bound; artifact max over all 3 variants x 5 alphas is this cell
N43	chapters/results.tex:345	KL_bi, Discrete Flow Matching at the L=256 benchmark	1.466	0.0005	T0	runs/sflm_bench_a100_20g_L256/DFM/eval_all.json	KL_bi	arm dir DFM is DISCRETE Flow Matching; the only peer-comparable-BPC arm
N44	chapters/results.tex:289	KL_bi of independent draws from the corpus unigram distribution	1.692	0.0005	T0	runs/unigram_baseline/eval.json	bigram_kl	the floor the collapsed cell's 1.657 sits at; ckpt null, no model
N45	chapters/results.tex:290	H_gen of the thickened cell vs the uniform value ln 27	3.2958	0.001	T0	runs/compu_mse_thick/eval.json	H_gen	paper claims 'within 0.001 of ln 27 = 3.296'; expected is ln 27 and tol is the paper's own bound
N46	chapters/results.tex:344	KL_bi, gamma ~ U[0,0.05] band-weighted schedule	0.92	0.005	T0	runs/band_g05/eval_fixed.json	bigram_kl	MUST read eval_fixed.json; runs/band_g05/eval.json holds a stale 5.990 copy
N47	chapters/results.tex:344	KL_bi, gamma ~ U[0.005,0.03] band only	0.91	0.005	T0	runs/band_strict/eval_fixed.json	bigram_kl	MUST read eval_fixed.json; runs/band_strict/eval.json holds a stale 5.990 copy
N48	chapters/results.tex:342	moved equilibrium gamma_star, band-weighted schedule	0.05	0.0005	T0	runs/band_g05/config.json	eqm.gamma_star	
N49	chapters/results.tex:342	moved equilibrium gamma_star, band-only schedule	0.03	0.0005	T0	runs/band_strict/config.json	eqm.gamma_star	
N50	chapters/results.tex:341	gamma_hi of the band-weighted schedule	0.05	0.0005	T0	runs/band_g05/config.json	eqm.gamma_hi	with gamma_lo=0 this is the 'uniformly from [0,0.05]' of the prose
N51	chapters/results.tex:341	gamma_lo of the band-only schedule	0.005	0.0005	T0	runs/band_strict/config.json	eqm.gamma_lo	lower edge of the band
N52	chapters/results.tex:341	gamma_hi of the band-only schedule	0.03	0.0005	T0	runs/band_strict/config.json	eqm.gamma_hi	upper edge of the band; band width 0.025 = the 2.5%% of line 273
N53	chapters/results.tex:344	KL_bi, Discrete Flow Matching dev-scale control	0.148	0.0005	T0	runs/dfm_data50k_ep5_v2/eval.json	bigram_kl	L=40 d_model=1024 5 epochs but 50k train windows, not the 10k of the EqM cells
N54	chapters/results.tex:303	number of annealed-Langevin sigma levels, DSM cells	24	0.5	T0	runs/dsmx_clr_det/config.json	dsm.n_sigma	
N55	chapters/results.tex:303	sigma_min of the DSM ladder	0.01	0.0005	T0	runs/dsmx_clr_det/config.json	dsm.sigma_min	
N56	chapters/results.tex:303	sigma_max of the DSM ladder	12.3	0.05	T0	runs/dsmx_clr_det/config.json	dsm.sigma_max	matches the clr feature norm, cf. N72
N57	chapters/results.tex:304	auxiliary cross-entropy anchor weight, fixed-interpolant cells	0.5	0.005	T0	runs/compu_mse_det/config.json	eqm.lambda_ce	
N58	chapters/results.tex:304	auxiliary cross-entropy anchor weight, DSM cells	0.5	0.005	T0	runs/dsmx_clr_det/config.json	dsm.lambda_ce	
N59	chapters/results.tex:301	L at development scale	40	0.5	T0	runs/compu_mse_det/config.json	training.L	
N60	chapters/results.tex:301	d_model at development scale	1024	0.5	T0	runs/compu_mse_det/config.json	transformer.d_model	
N61	chapters/results.tex:301	epochs at development scale	5	0.5	T0	runs/compu_mse_det/config.json	training.epochs	
N62	chapters/results.tex:301	n evaluation samples	256	0.5	T0	runs/compu_mse_det/eval.json	n_samples	
N63	chapters/results.tex:267	source noise sigma	0.1	0.0005	T0	runs/compu_mse_det/config.json	eqm.source_sigma	
N64	chapters/results.tex:267	label smoothing epsilon behind the 12.51 clr gap	0.0001	0.00005	T0	runs/compu_mse_det/config.json	transformation.label_smoothing	12.51 = ln((1-eps+eps/K)/(eps/K)) with eps=1e-4 K=27; see finding N-F4
N65	chapters/results.tex:279	token accuracy at the source before the descent	0.038	0.0005	T0	runs/compu_mse_det/native_radius.json	rows[alpha=1.0].token_acc_perturbed	fig:energy-landscape panel A left end; also line 363
N66	chapters/results.tex:279	token accuracy at the source after the descent	0.082	0.0005	T0	runs/compu_mse_det/native_radius.json	rows[alpha=1.0].token_acc	fig:energy-landscape panel A left end; also line 363
N67	chapters/results.tex:280	accuracy of the input at gamma=0.03 (paper prints the complement 4.7%%)	0.953	0.0005	T0	runs/compu_mse_det/recovery_native_path_fill.json	rows[gamma=0.03].token_acc_perturbed	paper prints 1-this as a percentage; see finding N-F5
N68	chapters/results.tex:280	accuracy after the descent at gamma=0.03 (paper prints the complement 5.3%%)	0.947	0.0005	T0	runs/compu_mse_det/recovery_native_path_fill.json	rows[gamma=0.03].token_acc	paper prints 1-this as a percentage; see finding N-F5
N69	chapters/results.tex:277	log mass on the true character at gamma=0.05, before the descent	-2.7057	0.0005	T0	runs/compu_mse_det/native_radius.json	rows[alpha=0.95].logp_true_pre	paper prints exp(this)=0.067; artifact stores natural log, see finding N-F5
N70	chapters/results.tex:277	log mass on the true character at gamma=0.05, after the descent	-0.0068	0.0005	T0	runs/compu_mse_det/native_radius.json	rows[alpha=0.95].logp_true_post	paper prints exp(this)=0.993; artifact stores natural log, see finding N-F5
N71	chapters/results.tex:366	log mass on the true character at the source, after the descent	-11.4532	0.0005	T0	runs/compu_mse_det/native_radius.json	rows[alpha=1.0].logp_true_post	paper prints exp(this)=1.1e-5; artifact stores natural log, see finding N-F5
N72	chapters/results.tex:303	clr feature norm (data radius) the DSM sigma_max is matched to	12.2723	0.0005	T0	runs/compu_mse_det/recovery_native_path.json	data_radius	the '12.3' upper end of the sigma ladder in the tab:ablation2x2 caption
D1	chapters/results.tex:441	tab:ood-word NLL replace word-max AUROC	0.981	0.0005	T0	bench_ood_final/nll/denoiser_nll_sweep.json	rows[scheme=replace,rate=0.15].auroc_word_max	rate 0.15, n=256
D2	chapters/results.tex:441	tab:ood-word NLL replace word-mean AUROC	0.957	0.0005	T0	bench_ood_final/nll/denoiser_nll_sweep.json	rows[scheme=replace,rate=0.15].auroc_word_mean	rate 0.15, n=256
D3	chapters/results.tex:441	tab:ood-word NLL shuffle word-max AUROC	0.967	0.0005	T0	bench_ood_final/nll/denoiser_nll_sweep.json	rows[scheme=shuffle,rate=0.15].auroc_word_max	rate 0.15, n=256
D4	chapters/results.tex:441	tab:ood-word NLL shuffle word-mean AUROC	0.931	0.0005	T0	bench_ood_final/nll/denoiser_nll_sweep.json	rows[scheme=shuffle,rate=0.15].auroc_word_mean	rate 0.15, n=256
D5	chapters/results.tex:441	tab:ood-word NLL falseinfo word-max AUROC	0.807	0.0005	T0	bench_ood_final/nll/denoiser_nll_sweep.json	rows[scheme=falseinfo,rate=0.15].auroc_word_max	rate 0.15, n=256
D6	chapters/results.tex:441	tab:ood-word NLL falseinfo word-mean AUROC	0.8	0.0005	T0	bench_ood_final/nll/denoiser_nll_sweep.json	rows[scheme=falseinfo,rate=0.15].auroc_word_mean	rate 0.15, n=256
D7	chapters/results.tex:441	tab:ood-word BLR replace word-max AUROC	0.93	0.0005	T0	bench_ood_final/blr/bayes_linear_sweep.json	rows[scheme=replace,rate=0.15].auroc_word_max	rate 0.15, n=256
D8	chapters/results.tex:441	tab:ood-word BLR replace word-mean AUROC	0.857	0.0005	T0	bench_ood_final/blr/bayes_linear_sweep.json	rows[scheme=replace,rate=0.15].auroc_word_mean	rate 0.15, n=256
D9	chapters/results.tex:441	tab:ood-word BLR shuffle word-max AUROC	0.869	0.0005	T0	bench_ood_final/blr/bayes_linear_sweep.json	rows[scheme=shuffle,rate=0.15].auroc_word_max	rate 0.15, n=256
D10	chapters/results.tex:441	tab:ood-word BLR shuffle word-mean AUROC	0.776	0.0005	T0	bench_ood_final/blr/bayes_linear_sweep.json	rows[scheme=shuffle,rate=0.15].auroc_word_mean	rate 0.15, n=256
D11	chapters/results.tex:441	tab:ood-word BLR falseinfo word-max AUROC	0.726	0.0005	T0	bench_ood_final/blr/bayes_linear_sweep.json	rows[scheme=falseinfo,rate=0.15].auroc_word_max	rate 0.15, n=256
D12	chapters/results.tex:441	tab:ood-word BLR falseinfo word-mean AUROC	0.658	0.0005	T0	bench_ood_final/blr/bayes_linear_sweep.json	rows[scheme=falseinfo,rate=0.15].auroc_word_mean	rate 0.15, n=256
D13	chapters/results.tex:441	tab:ood-word BLR_all replace word-max AUROC	0.943	0.0005	T0	bench_ood_final/blr_adv/bayes_linear_adv_sweep.json	rows[scheme=replace,rate=0.15].auroc_word_max	rate 0.15, n=256
D14	chapters/results.tex:441	tab:ood-word BLR_all replace word-mean AUROC	0.882	0.0005	T0	bench_ood_final/blr_adv/bayes_linear_adv_sweep.json	rows[scheme=replace,rate=0.15].auroc_word_mean	rate 0.15, n=256
D15	chapters/results.tex:441	tab:ood-word BLR_all shuffle word-max AUROC	0.877	0.0005	T0	bench_ood_final/blr_adv/bayes_linear_adv_sweep.json	rows[scheme=shuffle,rate=0.15].auroc_word_max	rate 0.15, n=256
D16	chapters/results.tex:441	tab:ood-word BLR_all shuffle word-mean AUROC	0.786	0.0005	T0	bench_ood_final/blr_adv/bayes_linear_adv_sweep.json	rows[scheme=shuffle,rate=0.15].auroc_word_mean	rate 0.15, n=256
D17	chapters/results.tex:441	tab:ood-word BLR_all falseinfo word-max AUROC	0.793	0.0005	T0	bench_ood_final/blr_adv/bayes_linear_adv_sweep.json	rows[scheme=falseinfo,rate=0.15].auroc_word_max	rate 0.15, n=256
D18	chapters/results.tex:441	tab:ood-word BLR_all falseinfo word-mean AUROC	0.761	0.0005	T0	bench_ood_final/blr_adv/bayes_linear_adv_sweep.json	rows[scheme=falseinfo,rate=0.15].auroc_word_mean	rate 0.15, n=256
D19	chapters/results.tex:441	tab:ood-word BLR_fi replace word-max AUROC	0.83	0.0005	T0	bench_ood_final/blr_fi/bayes_linear_fi_sweep.json	rows[scheme=replace,rate=0.15].auroc_word_max	rate 0.15, n=256
D20	chapters/results.tex:441	tab:ood-word BLR_fi replace word-mean AUROC	0.774	0.0005	T0	bench_ood_final/blr_fi/bayes_linear_fi_sweep.json	rows[scheme=replace,rate=0.15].auroc_word_mean	rate 0.15, n=256
D21	chapters/results.tex:441	tab:ood-word BLR_fi shuffle word-max AUROC	0.781	0.0005	T0	bench_ood_final/blr_fi/bayes_linear_fi_sweep.json	rows[scheme=shuffle,rate=0.15].auroc_word_max	rate 0.15, n=256
D22	chapters/results.tex:441	tab:ood-word BLR_fi shuffle word-mean AUROC	0.715	0.0005	T0	bench_ood_final/blr_fi/bayes_linear_fi_sweep.json	rows[scheme=shuffle,rate=0.15].auroc_word_mean	rate 0.15, n=256
D23	chapters/results.tex:441	tab:ood-word BLR_fi falseinfo word-max AUROC	0.812	0.0005	T0	bench_ood_final/blr_fi/bayes_linear_fi_sweep.json	rows[scheme=falseinfo,rate=0.15].auroc_word_max	rate 0.15, n=256
D24	chapters/results.tex:441	tab:ood-word BLR_fi falseinfo word-mean AUROC	0.803	0.0005	T0	bench_ood_final/blr_fi/bayes_linear_fi_sweep.json	rows[scheme=falseinfo,rate=0.15].auroc_word_mean	rate 0.15, n=256
D25	chapters/results.tex:441	tab:ood-word BGMM replace word-max AUROC	0.91	0.0005	T0	bench_ood_final/bgmm/bgmm_perpos_sweep.json	rows[scheme=replace,rate=0.15].auroc_word_max	rate 0.15, n=256
D26	chapters/results.tex:441	tab:ood-word BGMM replace word-mean AUROC	0.899	0.0005	T0	bench_ood_final/bgmm/bgmm_perpos_sweep.json	rows[scheme=replace,rate=0.15].auroc_word_mean	rate 0.15, n=256
D27	chapters/results.tex:441	tab:ood-word BGMM shuffle word-max AUROC	0.897	0.0005	T0	bench_ood_final/bgmm/bgmm_perpos_sweep.json	rows[scheme=shuffle,rate=0.15].auroc_word_max	rate 0.15, n=256
D28	chapters/results.tex:441	tab:ood-word BGMM shuffle word-mean AUROC	0.864	0.0005	T0	bench_ood_final/bgmm/bgmm_perpos_sweep.json	rows[scheme=shuffle,rate=0.15].auroc_word_mean	rate 0.15, n=256
D29	chapters/results.tex:441	tab:ood-word BGMM falseinfo word-max AUROC	0.743	0.0005	T0	bench_ood_final/bgmm/bgmm_perpos_sweep.json	rows[scheme=falseinfo,rate=0.15].auroc_word_max	rate 0.15, n=256
D30	chapters/results.tex:441	tab:ood-word BGMM falseinfo word-mean AUROC	0.792	0.0005	T0	bench_ood_final/bgmm/bgmm_perpos_sweep.json	rows[scheme=falseinfo,rate=0.15].auroc_word_mean	rate 0.15, n=256
D31	chapters/results.tex:441	tab:ood-word GPT-2 SE replace word-max AUROC	0.727	0.0005	T0	bench_ood_final/gpt2_se/gpt2_spilled_energy_sweep.json	rows[scheme=replace,rate=0.15].auroc_word_max	rate 0.15, n=256
D32	chapters/results.tex:441	tab:ood-word GPT-2 SE replace word-mean AUROC	0.524	0.0005	T0	bench_ood_final/gpt2_se/gpt2_spilled_energy_sweep.json	rows[scheme=replace,rate=0.15].auroc_word_mean	rate 0.15, n=256
D33	chapters/results.tex:441	tab:ood-word GPT-2 SE shuffle word-max AUROC	0.724	0.0005	T0	bench_ood_final/gpt2_se/gpt2_spilled_energy_sweep.json	rows[scheme=shuffle,rate=0.15].auroc_word_max	rate 0.15, n=256
D34	chapters/results.tex:441	tab:ood-word GPT-2 SE shuffle word-mean AUROC	0.542	0.0005	T0	bench_ood_final/gpt2_se/gpt2_spilled_energy_sweep.json	rows[scheme=shuffle,rate=0.15].auroc_word_mean	rate 0.15, n=256
D35	chapters/results.tex:441	tab:ood-word GPT-2 SE falseinfo word-max AUROC	0.69	0.0005	T0	bench_ood_final/gpt2_se/gpt2_spilled_energy_sweep.json	rows[scheme=falseinfo,rate=0.15].auroc_word_max	rate 0.15, n=256
D36	chapters/results.tex:441	tab:ood-word GPT-2 SE falseinfo word-mean AUROC	0.672	0.0005	T0	bench_ood_final/gpt2_se/gpt2_spilled_energy_sweep.json	rows[scheme=falseinfo,rate=0.15].auroc_word_mean	rate 0.15, n=256
D37	chapters/results.tex:441	tab:ood-word GPT-2 NLL replace word-max AUROC	0.738	0.0005	T0	bench_ood_final/gpt2_nll/gpt2_nll_sweep.json	rows[scheme=replace,rate=0.15].auroc_word_max	rate 0.15, n=256
D38	chapters/results.tex:441	tab:ood-word GPT-2 NLL replace word-mean AUROC	0.596	0.0005	T0	bench_ood_final/gpt2_nll/gpt2_nll_sweep.json	rows[scheme=replace,rate=0.15].auroc_word_mean	rate 0.15, n=256
D39	chapters/results.tex:441	tab:ood-word GPT-2 NLL shuffle word-max AUROC	0.746	0.0005	T0	bench_ood_final/gpt2_nll/gpt2_nll_sweep.json	rows[scheme=shuffle,rate=0.15].auroc_word_max	rate 0.15, n=256
D40	chapters/results.tex:441	tab:ood-word GPT-2 NLL shuffle word-mean AUROC	0.623	0.0005	T0	bench_ood_final/gpt2_nll/gpt2_nll_sweep.json	rows[scheme=shuffle,rate=0.15].auroc_word_mean	rate 0.15, n=256
D41	chapters/results.tex:441	tab:ood-word GPT-2 NLL falseinfo word-max AUROC	0.853	0.0005	T0	bench_ood_final/gpt2_nll/gpt2_nll_sweep.json	rows[scheme=falseinfo,rate=0.15].auroc_word_max	rate 0.15, n=256
D42	chapters/results.tex:441	tab:ood-word GPT-2 NLL falseinfo word-mean AUROC	0.838	0.0005	T0	bench_ood_final/gpt2_nll/gpt2_nll_sweep.json	rows[scheme=falseinfo,rate=0.15].auroc_word_mean	rate 0.15, n=256
D43	chapters/results.tex:493	tab:ood-falseinfo NLL sequence AUROC @rate 0.05	0.589	0.0005	T0	bench_ood_final/nll/denoiser_nll_sweep.json	rows[scheme=falseinfo,rate=0.05].auroc_seq_nll	per-character-normalised sequence score
D44	chapters/results.tex:493	tab:ood-falseinfo NLL sequence AUROC @rate 0.15	0.727	0.0005	T0	bench_ood_final/nll/denoiser_nll_sweep.json	rows[scheme=falseinfo,rate=0.15].auroc_seq_nll	per-character-normalised sequence score
D45	chapters/results.tex:493	tab:ood-falseinfo NLL sequence AUROC @rate 0.3	0.874	0.0005	T0	bench_ood_final/nll/denoiser_nll_sweep.json	rows[scheme=falseinfo,rate=0.3].auroc_seq_nll	per-character-normalised sequence score
D46	chapters/results.tex:493	tab:ood-falseinfo NLL sequence AUROC @rate 0.5	0.951	0.0005	T0	bench_ood_final/nll/denoiser_nll_sweep.json	rows[scheme=falseinfo,rate=0.5].auroc_seq_nll	per-character-normalised sequence score
D47	chapters/results.tex:493	tab:ood-falseinfo NLL sequence AUROC @rate 1.0	0.984	0.0005	T0	bench_ood_final/nll/denoiser_nll_sweep.json	rows[scheme=falseinfo,rate=1.0].auroc_seq_nll	per-character-normalised sequence score
D48	chapters/results.tex:493	tab:ood-falseinfo BLR sequence AUROC @rate 0.05	0.55	0.0005	T0	bench_ood_final/blr/bayes_linear_sweep.json	rows[scheme=falseinfo,rate=0.05].auroc_seq_energy	per-character-normalised sequence score
D49	chapters/results.tex:493	tab:ood-falseinfo BLR sequence AUROC @rate 0.15	0.618	0.0005	T0	bench_ood_final/blr/bayes_linear_sweep.json	rows[scheme=falseinfo,rate=0.15].auroc_seq_energy	per-character-normalised sequence score
D50	chapters/results.tex:493	tab:ood-falseinfo BLR sequence AUROC @rate 0.3	0.746	0.0005	T0	bench_ood_final/blr/bayes_linear_sweep.json	rows[scheme=falseinfo,rate=0.3].auroc_seq_energy	per-character-normalised sequence score
D51	chapters/results.tex:493	tab:ood-falseinfo BLR sequence AUROC @rate 0.5	0.885	0.0005	T0	bench_ood_final/blr/bayes_linear_sweep.json	rows[scheme=falseinfo,rate=0.5].auroc_seq_energy	per-character-normalised sequence score
D52	chapters/results.tex:493	tab:ood-falseinfo BLR sequence AUROC @rate 1.0	0.982	0.0005	T0	bench_ood_final/blr/bayes_linear_sweep.json	rows[scheme=falseinfo,rate=1.0].auroc_seq_energy	per-character-normalised sequence score
D53	chapters/results.tex:493	tab:ood-falseinfo BLR_all sequence AUROC @rate 0.05	0.571	0.0005	T0	bench_ood_final/blr_adv/bayes_linear_adv_sweep.json	rows[scheme=falseinfo,rate=0.05].auroc_seq_energy	per-character-normalised sequence score
D54	chapters/results.tex:493	tab:ood-falseinfo BLR_all sequence AUROC @rate 0.15	0.697	0.0005	T0	bench_ood_final/blr_adv/bayes_linear_adv_sweep.json	rows[scheme=falseinfo,rate=0.15].auroc_seq_energy	per-character-normalised sequence score
D55	chapters/results.tex:493	tab:ood-falseinfo BLR_all sequence AUROC @rate 0.3	0.844	0.0005	T0	bench_ood_final/blr_adv/bayes_linear_adv_sweep.json	rows[scheme=falseinfo,rate=0.3].auroc_seq_energy	per-character-normalised sequence score
D56	chapters/results.tex:493	tab:ood-falseinfo BLR_all sequence AUROC @rate 0.5	0.952	0.0005	T0	bench_ood_final/blr_adv/bayes_linear_adv_sweep.json	rows[scheme=falseinfo,rate=0.5].auroc_seq_energy	per-character-normalised sequence score
D57	chapters/results.tex:493	tab:ood-falseinfo BLR_all sequence AUROC @rate 1.0	0.996	0.0005	T0	bench_ood_final/blr_adv/bayes_linear_adv_sweep.json	rows[scheme=falseinfo,rate=1.0].auroc_seq_energy	per-character-normalised sequence score
D58	chapters/results.tex:493	tab:ood-falseinfo BLR_fi sequence AUROC @rate 0.05	0.589	0.0005	T0	bench_ood_final/blr_fi/bayes_linear_fi_sweep.json	rows[scheme=falseinfo,rate=0.05].auroc_seq_energy	per-character-normalised sequence score
D59	chapters/results.tex:493	tab:ood-falseinfo BLR_fi sequence AUROC @rate 0.15	0.749	0.0005	T0	bench_ood_final/blr_fi/bayes_linear_fi_sweep.json	rows[scheme=falseinfo,rate=0.15].auroc_seq_energy	per-character-normalised sequence score
D60	chapters/results.tex:493	tab:ood-falseinfo BLR_fi sequence AUROC @rate 0.3	0.898	0.0005	T0	bench_ood_final/blr_fi/bayes_linear_fi_sweep.json	rows[scheme=falseinfo,rate=0.3].auroc_seq_energy	per-character-normalised sequence score
D61	chapters/results.tex:493	tab:ood-falseinfo BLR_fi sequence AUROC @rate 0.5	0.977	0.0005	T0	bench_ood_final/blr_fi/bayes_linear_fi_sweep.json	rows[scheme=falseinfo,rate=0.5].auroc_seq_energy	per-character-normalised sequence score
D62	chapters/results.tex:493	tab:ood-falseinfo BLR_fi sequence AUROC @rate 1.0	1.0	0.0005	T0	bench_ood_final/blr_fi/bayes_linear_fi_sweep.json	rows[scheme=falseinfo,rate=1.0].auroc_seq_energy	per-character-normalised sequence score
D63	chapters/results.tex:493	tab:ood-falseinfo BGMM sequence AUROC @rate 0.05	0.567	0.0005	T0	bench_ood_final/bgmm/bgmm_perpos_sweep.json	rows[scheme=falseinfo,rate=0.05].auroc_seq_gmm	per-character-normalised sequence score
D64	chapters/results.tex:493	tab:ood-falseinfo BGMM sequence AUROC @rate 0.15	0.699	0.0005	T0	bench_ood_final/bgmm/bgmm_perpos_sweep.json	rows[scheme=falseinfo,rate=0.15].auroc_seq_gmm	per-character-normalised sequence score
D65	chapters/results.tex:493	tab:ood-falseinfo BGMM sequence AUROC @rate 0.3	0.848	0.0005	T0	bench_ood_final/bgmm/bgmm_perpos_sweep.json	rows[scheme=falseinfo,rate=0.3].auroc_seq_gmm	per-character-normalised sequence score
D66	chapters/results.tex:493	tab:ood-falseinfo BGMM sequence AUROC @rate 0.5	0.951	0.0005	T0	bench_ood_final/bgmm/bgmm_perpos_sweep.json	rows[scheme=falseinfo,rate=0.5].auroc_seq_gmm	per-character-normalised sequence score
D67	chapters/results.tex:493	tab:ood-falseinfo BGMM sequence AUROC @rate 1.0	0.993	0.0005	T0	bench_ood_final/bgmm/bgmm_perpos_sweep.json	rows[scheme=falseinfo,rate=1.0].auroc_seq_gmm	per-character-normalised sequence score
D68	chapters/results.tex:493	tab:ood-falseinfo GPT-2 SE sequence AUROC @rate 0.05	0.657	0.0005	T0	bench_ood_final/gpt2_se/gpt2_spilled_energy_sweep.json	rows[scheme=falseinfo,rate=0.05].auroc_seq_se	per-character-normalised sequence score
D69	chapters/results.tex:493	tab:ood-falseinfo GPT-2 SE sequence AUROC @rate 0.15	0.873	0.0005	T0	bench_ood_final/gpt2_se/gpt2_spilled_energy_sweep.json	rows[scheme=falseinfo,rate=0.15].auroc_seq_se	per-character-normalised sequence score
D70	chapters/results.tex:493	tab:ood-falseinfo GPT-2 SE sequence AUROC @rate 0.3	0.966	0.0005	T0	bench_ood_final/gpt2_se/gpt2_spilled_energy_sweep.json	rows[scheme=falseinfo,rate=0.3].auroc_seq_se	per-character-normalised sequence score
D71	chapters/results.tex:493	tab:ood-falseinfo GPT-2 SE sequence AUROC @rate 0.5	0.995	0.0005	T0	bench_ood_final/gpt2_se/gpt2_spilled_energy_sweep.json	rows[scheme=falseinfo,rate=0.5].auroc_seq_se	per-character-normalised sequence score
D72	chapters/results.tex:493	tab:ood-falseinfo GPT-2 SE sequence AUROC @rate 1.0	1.0	0.0005	T0	bench_ood_final/gpt2_se/gpt2_spilled_energy_sweep.json	rows[scheme=falseinfo,rate=1.0].auroc_seq_se	per-character-normalised sequence score
D73	chapters/results.tex:493	tab:ood-falseinfo GPT-2 NLL sequence AUROC @rate 0.05	0.677	0.0005	T0	bench_ood_final/gpt2_nll/gpt2_nll_sweep.json	rows[scheme=falseinfo,rate=0.05].auroc_seq_se	per-character-normalised sequence score
D74	chapters/results.tex:493	tab:ood-falseinfo GPT-2 NLL sequence AUROC @rate 0.15	0.893	0.0005	T0	bench_ood_final/gpt2_nll/gpt2_nll_sweep.json	rows[scheme=falseinfo,rate=0.15].auroc_seq_se	per-character-normalised sequence score
D75	chapters/results.tex:493	tab:ood-falseinfo GPT-2 NLL sequence AUROC @rate 0.3	0.972	0.0005	T0	bench_ood_final/gpt2_nll/gpt2_nll_sweep.json	rows[scheme=falseinfo,rate=0.3].auroc_seq_se	per-character-normalised sequence score
D76	chapters/results.tex:493	tab:ood-falseinfo GPT-2 NLL sequence AUROC @rate 0.5	0.996	0.0005	T0	bench_ood_final/gpt2_nll/gpt2_nll_sweep.json	rows[scheme=falseinfo,rate=0.5].auroc_seq_se	per-character-normalised sequence score
D77	chapters/results.tex:493	tab:ood-falseinfo GPT-2 NLL sequence AUROC @rate 1.0	1.0	0.0005	T0	bench_ood_final/gpt2_nll/gpt2_nll_sweep.json	rows[scheme=falseinfo,rate=1.0].auroc_seq_se	per-character-normalised sequence score
D78	chapters/results.tex:493	tab:ood-falseinfo NLL word-max AUROC @rate 0.05	0.796	0.0005	T0	bench_ood_final/nll/denoiser_nll_sweep.json	rows[scheme=falseinfo,rate=0.05].auroc_word_max	lower block
D79	chapters/results.tex:493	tab:ood-falseinfo NLL word-max AUROC @rate 0.15	0.807	0.0005	T0	bench_ood_final/nll/denoiser_nll_sweep.json	rows[scheme=falseinfo,rate=0.15].auroc_word_max	lower block
D80	chapters/results.tex:493	tab:ood-falseinfo NLL word-max AUROC @rate 0.3	0.786	0.0005	T0	bench_ood_final/nll/denoiser_nll_sweep.json	rows[scheme=falseinfo,rate=0.3].auroc_word_max	lower block
D81	chapters/results.tex:493	tab:ood-falseinfo NLL word-max AUROC @rate 0.5	0.771	0.0005	T0	bench_ood_final/nll/denoiser_nll_sweep.json	rows[scheme=falseinfo,rate=0.5].auroc_word_max	lower block
D82	chapters/results.tex:493	tab:ood-falseinfo NLL word-max AUROC @rate 1.0	0.616	0.0005	T0	bench_ood_final/nll/denoiser_nll_sweep.json	rows[scheme=falseinfo,rate=1.0].auroc_word_max	lower block
D83	chapters/results.tex:493	tab:ood-falseinfo BLR word-max AUROC @rate 0.05	0.713	0.0005	T0	bench_ood_final/blr/bayes_linear_sweep.json	rows[scheme=falseinfo,rate=0.05].auroc_word_max	lower block
D84	chapters/results.tex:493	tab:ood-falseinfo BLR word-max AUROC @rate 0.15	0.726	0.0005	T0	bench_ood_final/blr/bayes_linear_sweep.json	rows[scheme=falseinfo,rate=0.15].auroc_word_max	lower block
D85	chapters/results.tex:493	tab:ood-falseinfo BLR word-max AUROC @rate 0.3	0.726	0.0005	T0	bench_ood_final/blr/bayes_linear_sweep.json	rows[scheme=falseinfo,rate=0.3].auroc_word_max	lower block
D86	chapters/results.tex:493	tab:ood-falseinfo BLR word-max AUROC @rate 0.5	0.733	0.0005	T0	bench_ood_final/blr/bayes_linear_sweep.json	rows[scheme=falseinfo,rate=0.5].auroc_word_max	lower block
D87	chapters/results.tex:493	tab:ood-falseinfo BLR word-max AUROC @rate 1.0	0.762	0.0005	T0	bench_ood_final/blr/bayes_linear_sweep.json	rows[scheme=falseinfo,rate=1.0].auroc_word_max	lower block
D88	chapters/results.tex:493	tab:ood-falseinfo BLR_all word-max AUROC @rate 0.05	0.773	0.0005	T0	bench_ood_final/blr_adv/bayes_linear_adv_sweep.json	rows[scheme=falseinfo,rate=0.05].auroc_word_max	lower block
D89	chapters/results.tex:493	tab:ood-falseinfo BLR_all word-max AUROC @rate 0.15	0.793	0.0005	T0	bench_ood_final/blr_adv/bayes_linear_adv_sweep.json	rows[scheme=falseinfo,rate=0.15].auroc_word_max	lower block
D90	chapters/results.tex:493	tab:ood-falseinfo BLR_all word-max AUROC @rate 0.3	0.777	0.0005	T0	bench_ood_final/blr_adv/bayes_linear_adv_sweep.json	rows[scheme=falseinfo,rate=0.3].auroc_word_max	lower block
D91	chapters/results.tex:493	tab:ood-falseinfo BLR_all word-max AUROC @rate 0.5	0.777	0.0005	T0	bench_ood_final/blr_adv/bayes_linear_adv_sweep.json	rows[scheme=falseinfo,rate=0.5].auroc_word_max	lower block
D92	chapters/results.tex:493	tab:ood-falseinfo BLR_all word-max AUROC @rate 1.0	0.813	0.0005	T0	bench_ood_final/blr_adv/bayes_linear_adv_sweep.json	rows[scheme=falseinfo,rate=1.0].auroc_word_max	lower block
D93	chapters/results.tex:493	tab:ood-falseinfo BLR_fi word-max AUROC @rate 0.05	0.807	0.0005	T0	bench_ood_final/blr_fi/bayes_linear_fi_sweep.json	rows[scheme=falseinfo,rate=0.05].auroc_word_max	lower block
D94	chapters/results.tex:493	tab:ood-falseinfo BLR_fi word-max AUROC @rate 0.15	0.812	0.0005	T0	bench_ood_final/blr_fi/bayes_linear_fi_sweep.json	rows[scheme=falseinfo,rate=0.15].auroc_word_max	lower block
D95	chapters/results.tex:493	tab:ood-falseinfo BLR_fi word-max AUROC @rate 0.3	0.801	0.0005	T0	bench_ood_final/blr_fi/bayes_linear_fi_sweep.json	rows[scheme=falseinfo,rate=0.3].auroc_word_max	lower block
D96	chapters/results.tex:493	tab:ood-falseinfo BLR_fi word-max AUROC @rate 0.5	0.803	0.0005	T0	bench_ood_final/blr_fi/bayes_linear_fi_sweep.json	rows[scheme=falseinfo,rate=0.5].auroc_word_max	lower block
D97	chapters/results.tex:493	tab:ood-falseinfo BLR_fi word-max AUROC @rate 1.0	0.83	0.0005	T0	bench_ood_final/blr_fi/bayes_linear_fi_sweep.json	rows[scheme=falseinfo,rate=1.0].auroc_word_max	lower block
D98	chapters/results.tex:493	tab:ood-falseinfo BGMM word-max AUROC @rate 0.05	0.745	0.0005	T0	bench_ood_final/bgmm/bgmm_perpos_sweep.json	rows[scheme=falseinfo,rate=0.05].auroc_word_max	lower block
D99	chapters/results.tex:493	tab:ood-falseinfo BGMM word-max AUROC @rate 0.15	0.743	0.0005	T0	bench_ood_final/bgmm/bgmm_perpos_sweep.json	rows[scheme=falseinfo,rate=0.15].auroc_word_max	lower block
D100	chapters/results.tex:493	tab:ood-falseinfo BGMM word-max AUROC @rate 0.3	0.729	0.0005	T0	bench_ood_final/bgmm/bgmm_perpos_sweep.json	rows[scheme=falseinfo,rate=0.3].auroc_word_max	lower block
D101	chapters/results.tex:493	tab:ood-falseinfo BGMM word-max AUROC @rate 0.5	0.727	0.0005	T0	bench_ood_final/bgmm/bgmm_perpos_sweep.json	rows[scheme=falseinfo,rate=0.5].auroc_word_max	lower block
D102	chapters/results.tex:493	tab:ood-falseinfo BGMM word-max AUROC @rate 1.0	0.729	0.0005	T0	bench_ood_final/bgmm/bgmm_perpos_sweep.json	rows[scheme=falseinfo,rate=1.0].auroc_word_max	lower block
D103	chapters/results.tex:493	tab:ood-falseinfo GPT-2 SE word-max AUROC @rate 0.05	0.691	0.0005	T0	bench_ood_final/gpt2_se/gpt2_spilled_energy_sweep.json	rows[scheme=falseinfo,rate=0.05].auroc_word_max	lower block
D104	chapters/results.tex:493	tab:ood-falseinfo GPT-2 SE word-max AUROC @rate 0.15	0.69	0.0005	T0	bench_ood_final/gpt2_se/gpt2_spilled_energy_sweep.json	rows[scheme=falseinfo,rate=0.15].auroc_word_max	lower block
D105	chapters/results.tex:493	tab:ood-falseinfo GPT-2 SE word-max AUROC @rate 0.3	0.666	0.0005	T0	bench_ood_final/gpt2_se/gpt2_spilled_energy_sweep.json	rows[scheme=falseinfo,rate=0.3].auroc_word_max	lower block
D106	chapters/results.tex:493	tab:ood-falseinfo GPT-2 SE word-max AUROC @rate 0.5	0.64	0.0005	T0	bench_ood_final/gpt2_se/gpt2_spilled_energy_sweep.json	rows[scheme=falseinfo,rate=0.5].auroc_word_max	lower block
D107	chapters/results.tex:493	tab:ood-falseinfo GPT-2 SE word-max AUROC @rate 1.0	0.645	0.0005	T0	bench_ood_final/gpt2_se/gpt2_spilled_energy_sweep.json	rows[scheme=falseinfo,rate=1.0].auroc_word_max	lower block
D108	chapters/results.tex:493	tab:ood-falseinfo GPT-2 NLL word-max AUROC @rate 0.05	0.885	0.0005	T0	bench_ood_final/gpt2_nll/gpt2_nll_sweep.json	rows[scheme=falseinfo,rate=0.05].auroc_word_max	lower block
D109	chapters/results.tex:493	tab:ood-falseinfo GPT-2 NLL word-max AUROC @rate 0.15	0.853	0.0005	T0	bench_ood_final/gpt2_nll/gpt2_nll_sweep.json	rows[scheme=falseinfo,rate=0.15].auroc_word_max	lower block
D110	chapters/results.tex:493	tab:ood-falseinfo GPT-2 NLL word-max AUROC @rate 0.3	0.803	0.0005	T0	bench_ood_final/gpt2_nll/gpt2_nll_sweep.json	rows[scheme=falseinfo,rate=0.3].auroc_word_max	lower block
D111	chapters/results.tex:493	tab:ood-falseinfo GPT-2 NLL word-max AUROC @rate 0.5	0.748	0.0005	T0	bench_ood_final/gpt2_nll/gpt2_nll_sweep.json	rows[scheme=falseinfo,rate=0.5].auroc_word_max	lower block
D112	chapters/results.tex:493	tab:ood-falseinfo GPT-2 NLL word-max AUROC @rate 1.0	0.765	0.0005	T0	bench_ood_final/gpt2_nll/gpt2_nll_sweep.json	rows[scheme=falseinfo,rate=1.0].auroc_word_max	lower block
D113	chapters/results.tex:572	tab:ood-plausible NLL sequence AUROC / false info	0.724	0.0005	T0	bench_ood_final/plausible/plausible_swap.json	rows[detector=NLL,corruption=random].seq_auroc	rate 0.15, n=64
D114	chapters/results.tex:572	tab:ood-plausible NLL sequence AUROC / plausible	0.478	0.0005	T0	bench_ood_final/plausible/plausible_swap.json	rows[detector=NLL,corruption=plausible].seq_auroc	rate 0.15, n=64
D115	chapters/results.tex:572	tab:ood-plausible NLL token AUROC / false info	0.728	0.0005	T0	bench_ood_final/plausible/plausible_swap.json	rows[detector=NLL,corruption=random].token_auroc	rate 0.15, n=64
D116	chapters/results.tex:572	tab:ood-plausible NLL token AUROC / plausible	0.264	0.0005	T0	bench_ood_final/plausible/plausible_swap.json	rows[detector=NLL,corruption=plausible].token_auroc	rate 0.15, n=64
D117	chapters/results.tex:572	tab:ood-plausible NLL token F1 / false info	0.263	0.0005	T0	bench_ood_final/plausible/plausible_swap.json	rows[detector=NLL,corruption=random].prf_token.prf[0.05].f1	pointer uses literal-key brackets (check_claims.py grammar extension 2026-08-20); was WEAK, see finding D-F1
D118	chapters/results.tex:572	tab:ood-plausible NLL token F1 / plausible	0.0	0.0005	T0	bench_ood_final/plausible/plausible_swap.json	rows[detector=NLL,corruption=plausible].prf_token.prf[0.05].f1	pointer uses literal-key brackets (check_claims.py grammar extension 2026-08-20); was WEAK, see finding D-F1
D119	chapters/results.tex:572	tab:ood-plausible BLR sequence AUROC / false info	0.62	0.0005	T0	bench_ood_final/plausible/plausible_swap.json	rows[detector=BLR,corruption=random].seq_auroc	rate 0.15, n=64
D120	chapters/results.tex:572	tab:ood-plausible BLR sequence AUROC / plausible	0.479	0.0005	T0	bench_ood_final/plausible/plausible_swap.json	rows[detector=BLR,corruption=plausible].seq_auroc	rate 0.15, n=64
D121	chapters/results.tex:572	tab:ood-plausible BLR token AUROC / false info	0.624	0.0005	T0	bench_ood_final/plausible/plausible_swap.json	rows[detector=BLR,corruption=random].token_auroc	rate 0.15, n=64
D122	chapters/results.tex:572	tab:ood-plausible BLR token AUROC / plausible	0.57	0.0005	T0	bench_ood_final/plausible/plausible_swap.json	rows[detector=BLR,corruption=plausible].token_auroc	rate 0.15, n=64
D123	chapters/results.tex:572	tab:ood-plausible BLR token F1 / false info	0.194	0.0005	T0	bench_ood_final/plausible/plausible_swap.json	rows[detector=BLR,corruption=random].prf_token.prf[0.05].f1	pointer uses literal-key brackets (check_claims.py grammar extension 2026-08-20); was WEAK, see finding D-F1
D124	chapters/results.tex:572	tab:ood-plausible BLR token F1 / plausible	0.025	0.0005	T0	bench_ood_final/plausible/plausible_swap.json	rows[detector=BLR,corruption=plausible].prf_token.prf[0.05].f1	pointer uses literal-key brackets (check_claims.py grammar extension 2026-08-20); was WEAK, see finding D-F1
D125	chapters/results.tex:572	tab:ood-plausible BGMM sequence AUROC / false info	0.694	0.0005	T0	bench_ood_final/plausible/plausible_swap.json	rows[detector=BGMM,corruption=random].seq_auroc	rate 0.15, n=64
D126	chapters/results.tex:572	tab:ood-plausible BGMM sequence AUROC / plausible	0.43	0.0005	T0	bench_ood_final/plausible/plausible_swap.json	rows[detector=BGMM,corruption=plausible].seq_auroc	rate 0.15, n=64
D127	chapters/results.tex:572	tab:ood-plausible BGMM token AUROC / false info	0.722	0.0005	T0	bench_ood_final/plausible/plausible_swap.json	rows[detector=BGMM,corruption=random].token_auroc	rate 0.15, n=64
D128	chapters/results.tex:572	tab:ood-plausible BGMM token AUROC / plausible	0.464	0.0005	T0	bench_ood_final/plausible/plausible_swap.json	rows[detector=BGMM,corruption=plausible].token_auroc	rate 0.15, n=64
D129	chapters/results.tex:572	tab:ood-plausible BGMM token F1 / false info	0.172	0.0005	T0	bench_ood_final/plausible/plausible_swap.json	rows[detector=BGMM,corruption=random].prf_token.prf[0.05].f1	pointer uses literal-key brackets (check_claims.py grammar extension 2026-08-20); was WEAK, see finding D-F1
D130	chapters/results.tex:572	tab:ood-plausible BGMM token F1 / plausible	0.023	0.0005	T0	bench_ood_final/plausible/plausible_swap.json	rows[detector=BGMM,corruption=plausible].prf_token.prf[0.05].f1	pointer uses literal-key brackets (check_claims.py grammar extension 2026-08-20); was WEAK, see finding D-F1
D131	chapters/results.tex:572	tab:ood-plausible GPT-2 SE sequence AUROC / false info	0.86	0.0005	T0	bench_ood_final/plausible/plausible_swap.json	rows[detector=GPT2_SE,corruption=random].seq_auroc	rate 0.15, n=64
D132	chapters/results.tex:572	tab:ood-plausible GPT-2 SE sequence AUROC / plausible	0.698	0.0005	T0	bench_ood_final/plausible/plausible_swap.json	rows[detector=GPT2_SE,corruption=plausible].seq_auroc	rate 0.15, n=64
D133	chapters/results.tex:572	tab:ood-plausible GPT-2 SE token AUROC / false info	0.558	0.0005	T0	bench_ood_final/plausible/plausible_swap.json	rows[detector=GPT2_SE,corruption=random].token_auroc	rate 0.15, n=64
D134	chapters/results.tex:572	tab:ood-plausible GPT-2 SE token AUROC / plausible	0.527	0.0005	T0	bench_ood_final/plausible/plausible_swap.json	rows[detector=GPT2_SE,corruption=plausible].token_auroc	rate 0.15, n=64
D135	chapters/results.tex:572	tab:ood-plausible GPT-2 SE token F1 / false info	0.15	0.0005	T0	bench_ood_final/plausible/plausible_swap.json	rows[detector=GPT2_SE,corruption=random].prf_token.prf[0.05].f1	pointer uses literal-key brackets (check_claims.py grammar extension 2026-08-20); was WEAK, see finding D-F1
D136	chapters/results.tex:572	tab:ood-plausible GPT-2 SE token F1 / plausible	0.082	0.0005	T0	bench_ood_final/plausible/plausible_swap.json	rows[detector=GPT2_SE,corruption=plausible].prf_token.prf[0.05].f1	pointer uses literal-key brackets (check_claims.py grammar extension 2026-08-20); was WEAK, see finding D-F1
D137	chapters/results.tex:572	tab:ood-plausible GPT-2 NLL sequence AUROC / false info	0.896	0.0005	T0	bench_ood_final/plausible/plausible_swap.json	rows[detector=GPT2_NLL,corruption=random].seq_auroc	rate 0.15, n=64
D138	chapters/results.tex:572	tab:ood-plausible GPT-2 NLL sequence AUROC / plausible	0.724	0.0005	T0	bench_ood_final/plausible/plausible_swap.json	rows[detector=GPT2_NLL,corruption=plausible].seq_auroc	rate 0.15, n=64
D139	chapters/results.tex:572	tab:ood-plausible GPT-2 NLL token AUROC / false info	0.559	0.0005	T0	bench_ood_final/plausible/plausible_swap.json	rows[detector=GPT2_NLL,corruption=random].token_auroc	rate 0.15, n=64
D140	chapters/results.tex:572	tab:ood-plausible GPT-2 NLL token AUROC / plausible	0.509	0.0005	T0	bench_ood_final/plausible/plausible_swap.json	rows[detector=GPT2_NLL,corruption=plausible].token_auroc	rate 0.15, n=64
D141	chapters/results.tex:572	tab:ood-plausible GPT-2 NLL token F1 / false info	0.226	0.0005	T0	bench_ood_final/plausible/plausible_swap.json	rows[detector=GPT2_NLL,corruption=random].prf_token.prf[0.05].f1	pointer uses literal-key brackets (check_claims.py grammar extension 2026-08-20); was WEAK, see finding D-F1
D142	chapters/results.tex:572	tab:ood-plausible GPT-2 NLL token F1 / plausible	0.119	0.0005	T0	bench_ood_final/plausible/plausible_swap.json	rows[detector=GPT2_NLL,corruption=plausible].prf_token.prf[0.05].f1	pointer uses literal-key brackets (check_claims.py grammar extension 2026-08-20); was WEAK, see finding D-F1
D143	chapters/results.tex:572	tab:ood-plausible LOG_fi sequence AUROC / false info	0.758	0.0005	T0	bench_ood_final/plausible/plausible_swap.json	rows[detector=Logistic_fi,corruption=random].seq_auroc	rate 0.15, n=64
D144	chapters/results.tex:572	tab:ood-plausible LOG_fi sequence AUROC / plausible	0.409	0.0005	T0	bench_ood_final/plausible/plausible_swap.json	rows[detector=Logistic_fi,corruption=plausible].seq_auroc	rate 0.15, n=64
D145	chapters/results.tex:572	tab:ood-plausible LOG_fi token AUROC / false info	0.795	0.0005	T0	bench_ood_final/plausible/plausible_swap.json	rows[detector=Logistic_fi,corruption=random].token_auroc	rate 0.15, n=64
D146	chapters/results.tex:572	tab:ood-plausible LOG_fi token AUROC / plausible	0.48	0.0005	T0	bench_ood_final/plausible/plausible_swap.json	rows[detector=Logistic_fi,corruption=plausible].token_auroc	rate 0.15, n=64
D147	chapters/results.tex:572	tab:ood-plausible LOG_fi token F1 / false info	0.329	0.0005	T0	bench_ood_final/plausible/plausible_swap.json	rows[detector=Logistic_fi,corruption=random].prf_token.prf[0.05].f1	pointer uses literal-key brackets (check_claims.py grammar extension 2026-08-20); was WEAK, see finding D-F1
D148	chapters/results.tex:572	tab:ood-plausible LOG_fi token F1 / plausible	0.006	0.0005	T0	bench_ood_final/plausible/plausible_swap.json	rows[detector=Logistic_fi,corruption=plausible].prf_token.prf[0.05].f1	pointer uses literal-key brackets (check_claims.py grammar extension 2026-08-20); was WEAK, see finding D-F1
D149	chapters/results.tex:572	tab:ood-plausible LOG_pl sequence AUROC / false info	0.403	0.0005	T0	bench_ood_final/plausible/plausible_swap.json	rows[detector=Logistic_plaus,corruption=random].seq_auroc	rate 0.15, n=64
D150	chapters/results.tex:572	tab:ood-plausible LOG_pl sequence AUROC / plausible	0.792	0.0005	T0	bench_ood_final/plausible/plausible_swap.json	rows[detector=Logistic_plaus,corruption=plausible].seq_auroc	rate 0.15, n=64
D151	chapters/results.tex:572	tab:ood-plausible LOG_pl token AUROC / false info	0.478	0.0005	T0	bench_ood_final/plausible/plausible_swap.json	rows[detector=Logistic_plaus,corruption=random].token_auroc	rate 0.15, n=64
D152	chapters/results.tex:572	tab:ood-plausible LOG_pl token AUROC / plausible	0.898	0.0005	T0	bench_ood_final/plausible/plausible_swap.json	rows[detector=Logistic_plaus,corruption=plausible].token_auroc	rate 0.15, n=64
D153	chapters/results.tex:572	tab:ood-plausible LOG_pl token F1 / false info	0.04	0.0005	T0	bench_ood_final/plausible/plausible_swap.json	rows[detector=Logistic_plaus,corruption=random].prf_token.prf[0.05].f1	pointer uses literal-key brackets (check_claims.py grammar extension 2026-08-20); was WEAK, see finding D-F1
D154	chapters/results.tex:572	tab:ood-plausible LOG_pl token F1 / plausible	0.525	0.0005	T0	bench_ood_final/plausible/plausible_swap.json	rows[detector=Logistic_plaus,corruption=plausible].prf_token.prf[0.05].f1	pointer uses literal-key brackets (check_claims.py grammar extension 2026-08-20); was WEAK, see finding D-F1
D155	chapters/results.tex:572	tab:ood-plausible Unified linear sequence AUROC / false info	0.713	0.0005	T0	bench_ood_final/plausible/plausible_swap.json	rows[detector=ALL_linear,corruption=random].seq_auroc	rate 0.15, n=64
D156	chapters/results.tex:572	tab:ood-plausible Unified linear sequence AUROC / plausible	0.635	0.0005	T0	bench_ood_final/plausible/plausible_swap.json	rows[detector=ALL_linear,corruption=plausible].seq_auroc	rate 0.15, n=64
D157	chapters/results.tex:572	tab:ood-plausible Unified linear token AUROC / false info	0.743	0.0005	T0	bench_ood_final/plausible/plausible_swap.json	rows[detector=ALL_linear,corruption=random].token_auroc	rate 0.15, n=64
D158	chapters/results.tex:572	tab:ood-plausible Unified linear token AUROC / plausible	0.604	0.0005	T0	bench_ood_final/plausible/plausible_swap.json	rows[detector=ALL_linear,corruption=plausible].token_auroc	rate 0.15, n=64
D159	chapters/results.tex:572	tab:ood-plausible Unified linear token F1 / false info	0.288	0.0005	T0	bench_ood_final/plausible/plausible_swap.json	rows[detector=ALL_linear,corruption=random].prf_token.prf[0.05].f1	pointer uses literal-key brackets (check_claims.py grammar extension 2026-08-20); was WEAK, see finding D-F1
D160	chapters/results.tex:572	tab:ood-plausible Unified linear token F1 / plausible	0.048	0.0005	T0	bench_ood_final/plausible/plausible_swap.json	rows[detector=ALL_linear,corruption=plausible].prf_token.prf[0.05].f1	pointer uses literal-key brackets (check_claims.py grammar extension 2026-08-20); was WEAK, see finding D-F1
D161	chapters/results.tex:572	tab:ood-plausible Unified quadratic sequence AUROC / false info	0.769	0.0005	T0	bench_ood_final/plausible/plausible_swap.json	rows[detector=ALL_quad,corruption=random].seq_auroc	rate 0.15, n=64
D162	chapters/results.tex:572	tab:ood-plausible Unified quadratic sequence AUROC / plausible	0.679	0.0005	T0	bench_ood_final/plausible/plausible_swap.json	rows[detector=ALL_quad,corruption=plausible].seq_auroc	rate 0.15, n=64
D163	chapters/results.tex:572	tab:ood-plausible Unified quadratic token AUROC / false info	0.735	0.0005	T0	bench_ood_final/plausible/plausible_swap.json	rows[detector=ALL_quad,corruption=random].token_auroc	rate 0.15, n=64
D164	chapters/results.tex:572	tab:ood-plausible Unified quadratic token AUROC / plausible	0.662	0.0005	T0	bench_ood_final/plausible/plausible_swap.json	rows[detector=ALL_quad,corruption=plausible].token_auroc	rate 0.15, n=64
D165	chapters/results.tex:572	tab:ood-plausible Unified quadratic token F1 / false info	0.288	0.0005	T0	bench_ood_final/plausible/plausible_swap.json	rows[detector=ALL_quad,corruption=random].prf_token.prf[0.05].f1	pointer uses literal-key brackets (check_claims.py grammar extension 2026-08-20); was WEAK, see finding D-F1
D166	chapters/results.tex:572	tab:ood-plausible Unified quadratic token F1 / plausible	0.225	0.0005	T0	bench_ood_final/plausible/plausible_swap.json	rows[detector=ALL_quad,corruption=plausible].prf_token.prf[0.05].f1	pointer uses literal-key brackets (check_claims.py grammar extension 2026-08-20); was WEAK, see finding D-F1
D167	chapters/results.tex:572	tab:ood-plausible Unified MLP sequence AUROC / false info	0.683	0.0005	T0	bench_ood_final/plausible/plausible_swap.json	rows[detector=ALL_mlp,corruption=random].seq_auroc	rate 0.15, n=64
D168	chapters/results.tex:572	tab:ood-plausible Unified MLP sequence AUROC / plausible	0.689	0.0005	T0	bench_ood_final/plausible/plausible_swap.json	rows[detector=ALL_mlp,corruption=plausible].seq_auroc	rate 0.15, n=64
D169	chapters/results.tex:572	tab:ood-plausible Unified MLP token AUROC / false info	0.717	0.0005	T0	bench_ood_final/plausible/plausible_swap.json	rows[detector=ALL_mlp,corruption=random].token_auroc	rate 0.15, n=64
D170	chapters/results.tex:572	tab:ood-plausible Unified MLP token AUROC / plausible	0.72	0.0005	T0	bench_ood_final/plausible/plausible_swap.json	rows[detector=ALL_mlp,corruption=plausible].token_auroc	rate 0.15, n=64
D171	chapters/results.tex:572	tab:ood-plausible Unified MLP token F1 / false info	0.271	0.0005	T0	bench_ood_final/plausible/plausible_swap.json	rows[detector=ALL_mlp,corruption=random].prf_token.prf[0.05].f1	pointer uses literal-key brackets (check_claims.py grammar extension 2026-08-20); was WEAK, see finding D-F1
D172	chapters/results.tex:572	tab:ood-plausible Unified MLP token F1 / plausible	0.104	0.0005	T0	bench_ood_final/plausible/plausible_swap.json	rows[detector=ALL_mlp,corruption=plausible].prf_token.prf[0.05].f1	pointer uses literal-key brackets (check_claims.py grammar extension 2026-08-20); was WEAK, see finding D-F1
D173	chapters/results.tex:623	tab:ood-prf Panel A: per character NLL replace P @5%-FPR	0.583	0.0005	T0	bench_ood_final/nll/denoiser_nll_sweep.json	rows[scheme=replace,rate=0.15].prf_token.prf[0.05].precision	pointer uses literal-key brackets (check_claims.py grammar extension 2026-08-20); was WEAK, see finding D-F1
D174	chapters/results.tex:623	tab:ood-prf Panel A: per character NLL replace R @5%-FPR	0.917	0.0005	T0	bench_ood_final/nll/denoiser_nll_sweep.json	rows[scheme=replace,rate=0.15].prf_token.prf[0.05].recall	pointer uses literal-key brackets (check_claims.py grammar extension 2026-08-20); was WEAK, see finding D-F1
D175	chapters/results.tex:623	tab:ood-prf Panel A: per character NLL replace F1 @5%-FPR	0.713	0.0005	T0	bench_ood_final/nll/denoiser_nll_sweep.json	rows[scheme=replace,rate=0.15].prf_token.prf[0.05].f1	pointer uses literal-key brackets (check_claims.py grammar extension 2026-08-20); was WEAK, see finding D-F1
D176	chapters/results.tex:623	tab:ood-prf Panel A: per character NLL replace oracle F1*	0.791	0.0005	T0	bench_ood_final/nll/denoiser_nll_sweep.json	rows[scheme=replace,rate=0.15].prf_token.f1_best	oracle-threshold ceiling
D177	chapters/results.tex:623	tab:ood-prf Panel A: per character NLL falseinfo P @5%-FPR	0.355	0.0005	T0	bench_ood_final/nll/denoiser_nll_sweep.json	rows[scheme=falseinfo,rate=0.15].prf_token.prf[0.05].precision	pointer uses literal-key brackets (check_claims.py grammar extension 2026-08-20); was WEAK, see finding D-F1
D178	chapters/results.tex:623	tab:ood-prf Panel A: per character NLL falseinfo R @5%-FPR	0.226	0.0005	T0	bench_ood_final/nll/denoiser_nll_sweep.json	rows[scheme=falseinfo,rate=0.15].prf_token.prf[0.05].recall	pointer uses literal-key brackets (check_claims.py grammar extension 2026-08-20); was WEAK, see finding D-F1
D179	chapters/results.tex:623	tab:ood-prf Panel A: per character NLL falseinfo F1 @5%-FPR	0.276	0.0005	T0	bench_ood_final/nll/denoiser_nll_sweep.json	rows[scheme=falseinfo,rate=0.15].prf_token.prf[0.05].f1	pointer uses literal-key brackets (check_claims.py grammar extension 2026-08-20); was WEAK, see finding D-F1
D180	chapters/results.tex:623	tab:ood-prf Panel A: per character NLL falseinfo oracle F1*	0.339	0.0005	T0	bench_ood_final/nll/denoiser_nll_sweep.json	rows[scheme=falseinfo,rate=0.15].prf_token.f1_best	oracle-threshold ceiling
D181	chapters/results.tex:623	tab:ood-prf Panel B: per word max NLL replace P @5%-FPR	0.974	0.0005	T0	bench_ood_final/nll/denoiser_nll_sweep.json	rows[scheme=replace,rate=0.15].word_max.word.prf[0.05].precision	pointer uses literal-key brackets (check_claims.py grammar extension 2026-08-20); was WEAK, see finding D-F1
D182	chapters/results.tex:623	tab:ood-prf Panel B: per word max NLL replace R @5%-FPR	0.824	0.0005	T0	bench_ood_final/nll/denoiser_nll_sweep.json	rows[scheme=replace,rate=0.15].word_max.word.prf[0.05].recall	pointer uses literal-key brackets (check_claims.py grammar extension 2026-08-20); was WEAK, see finding D-F1
D183	chapters/results.tex:623	tab:ood-prf Panel B: per word max NLL replace F1 @5%-FPR	0.893	0.0005	T0	bench_ood_final/nll/denoiser_nll_sweep.json	rows[scheme=replace,rate=0.15].word_max.word.prf[0.05].f1	pointer uses literal-key brackets (check_claims.py grammar extension 2026-08-20); was WEAK, see finding D-F1
D184	chapters/results.tex:623	tab:ood-prf Panel B: per word max NLL replace oracle F1*	0.942	0.0005	T0	bench_ood_final/nll/denoiser_nll_sweep.json	rows[scheme=replace,rate=0.15].word_max.word.f1_best	oracle-threshold ceiling
D185	chapters/results.tex:623	tab:ood-prf Panel B: per word max NLL falseinfo P @5%-FPR	0.481	0.0005	T0	bench_ood_final/nll/denoiser_nll_sweep.json	rows[scheme=falseinfo,rate=0.15].word_max.word.prf[0.05].precision	pointer uses literal-key brackets (check_claims.py grammar extension 2026-08-20); was WEAK, see finding D-F1
D186	chapters/results.tex:623	tab:ood-prf Panel B: per word max NLL falseinfo R @5%-FPR	0.262	0.0005	T0	bench_ood_final/nll/denoiser_nll_sweep.json	rows[scheme=falseinfo,rate=0.15].word_max.word.prf[0.05].recall	pointer uses literal-key brackets (check_claims.py grammar extension 2026-08-20); was WEAK, see finding D-F1
D187	chapters/results.tex:623	tab:ood-prf Panel B: per word max NLL falseinfo F1 @5%-FPR	0.339	0.0005	T0	bench_ood_final/nll/denoiser_nll_sweep.json	rows[scheme=falseinfo,rate=0.15].word_max.word.prf[0.05].f1	pointer uses literal-key brackets (check_claims.py grammar extension 2026-08-20); was WEAK, see finding D-F1
D188	chapters/results.tex:623	tab:ood-prf Panel B: per word max NLL falseinfo oracle F1*	0.462	0.0005	T0	bench_ood_final/nll/denoiser_nll_sweep.json	rows[scheme=falseinfo,rate=0.15].word_max.word.f1_best	oracle-threshold ceiling
D189	chapters/results.tex:623	tab:ood-prf Panel A: per character BLR replace P @5%-FPR	0.494	0.0005	T0	bench_ood_final/blr/bayes_linear_sweep.json	rows[scheme=replace,rate=0.15].prf_token.prf[0.05].precision	pointer uses literal-key brackets (check_claims.py grammar extension 2026-08-20); was WEAK, see finding D-F1
D190	chapters/results.tex:623	tab:ood-prf Panel A: per character BLR replace R @5%-FPR	0.789	0.0005	T0	bench_ood_final/blr/bayes_linear_sweep.json	rows[scheme=replace,rate=0.15].prf_token.prf[0.05].recall	pointer uses literal-key brackets (check_claims.py grammar extension 2026-08-20); was WEAK, see finding D-F1
D191	chapters/results.tex:623	tab:ood-prf Panel A: per character BLR replace F1 @5%-FPR	0.608	0.0005	T0	bench_ood_final/blr/bayes_linear_sweep.json	rows[scheme=replace,rate=0.15].prf_token.prf[0.05].f1	pointer uses literal-key brackets (check_claims.py grammar extension 2026-08-20); was WEAK, see finding D-F1
D192	chapters/results.tex:623	tab:ood-prf Panel A: per character BLR replace oracle F1*	0.65	0.0005	T0	bench_ood_final/blr/bayes_linear_sweep.json	rows[scheme=replace,rate=0.15].prf_token.f1_best	oracle-threshold ceiling
D193	chapters/results.tex:623	tab:ood-prf Panel A: per character BLR falseinfo P @5%-FPR	0.26	0.0005	T0	bench_ood_final/blr/bayes_linear_sweep.json	rows[scheme=falseinfo,rate=0.15].prf_token.prf[0.05].precision	pointer uses literal-key brackets (check_claims.py grammar extension 2026-08-20); was WEAK, see finding D-F1
D194	chapters/results.tex:623	tab:ood-prf Panel A: per character BLR falseinfo R @5%-FPR	0.151	0.0005	T0	bench_ood_final/blr/bayes_linear_sweep.json	rows[scheme=falseinfo,rate=0.15].prf_token.prf[0.05].recall	pointer uses literal-key brackets (check_claims.py grammar extension 2026-08-20); was WEAK, see finding D-F1
D195	chapters/results.tex:623	tab:ood-prf Panel A: per character BLR falseinfo F1 @5%-FPR	0.191	0.0005	T0	bench_ood_final/blr/bayes_linear_sweep.json	rows[scheme=falseinfo,rate=0.15].prf_token.prf[0.05].f1	pointer uses literal-key brackets (check_claims.py grammar extension 2026-08-20); was WEAK, see finding D-F1
D196	chapters/results.tex:623	tab:ood-prf Panel A: per character BLR falseinfo oracle F1*	0.21	0.0005	T0	bench_ood_final/blr/bayes_linear_sweep.json	rows[scheme=falseinfo,rate=0.15].prf_token.f1_best	oracle-threshold ceiling
D197	chapters/results.tex:623	tab:ood-prf Panel B: per word max BLR replace P @5%-FPR	0.935	0.0005	T0	bench_ood_final/blr/bayes_linear_sweep.json	rows[scheme=replace,rate=0.15].word_max.word.prf[0.05].precision	pointer uses literal-key brackets (check_claims.py grammar extension 2026-08-20); was WEAK, see finding D-F1
D198	chapters/results.tex:623	tab:ood-prf Panel B: per word max BLR replace R @5%-FPR	0.709	0.0005	T0	bench_ood_final/blr/bayes_linear_sweep.json	rows[scheme=replace,rate=0.15].word_max.word.prf[0.05].recall	pointer uses literal-key brackets (check_claims.py grammar extension 2026-08-20); was WEAK, see finding D-F1
D199	chapters/results.tex:623	tab:ood-prf Panel B: per word max BLR replace F1 @5%-FPR	0.806	0.0005	T0	bench_ood_final/blr/bayes_linear_sweep.json	rows[scheme=replace,rate=0.15].word_max.word.prf[0.05].f1	pointer uses literal-key brackets (check_claims.py grammar extension 2026-08-20); was WEAK, see finding D-F1
D200	chapters/results.tex:623	tab:ood-prf Panel B: per word max BLR replace oracle F1*	0.884	0.0005	T0	bench_ood_final/blr/bayes_linear_sweep.json	rows[scheme=replace,rate=0.15].word_max.word.f1_best	oracle-threshold ceiling
D201	chapters/results.tex:623	tab:ood-prf Panel B: per word max BLR falseinfo P @5%-FPR	0.359	0.0005	T0	bench_ood_final/blr/bayes_linear_sweep.json	rows[scheme=falseinfo,rate=0.15].word_max.word.prf[0.05].precision	pointer uses literal-key brackets (check_claims.py grammar extension 2026-08-20); was WEAK, see finding D-F1
D202	chapters/results.tex:623	tab:ood-prf Panel B: per word max BLR falseinfo R @5%-FPR	0.182	0.0005	T0	bench_ood_final/blr/bayes_linear_sweep.json	rows[scheme=falseinfo,rate=0.15].word_max.word.prf[0.05].recall	pointer uses literal-key brackets (check_claims.py grammar extension 2026-08-20); was WEAK, see finding D-F1
D203	chapters/results.tex:623	tab:ood-prf Panel B: per word max BLR falseinfo F1 @5%-FPR	0.241	0.0005	T0	bench_ood_final/blr/bayes_linear_sweep.json	rows[scheme=falseinfo,rate=0.15].word_max.word.prf[0.05].f1	pointer uses literal-key brackets (check_claims.py grammar extension 2026-08-20); was WEAK, see finding D-F1
D204	chapters/results.tex:623	tab:ood-prf Panel B: per word max BLR falseinfo oracle F1*	0.385	0.0005	T0	bench_ood_final/blr/bayes_linear_sweep.json	rows[scheme=falseinfo,rate=0.15].word_max.word.f1_best	oracle-threshold ceiling
D205	chapters/results.tex:623	tab:ood-prf Panel A: per character BLR_all replace P @5%-FPR	0.492	0.0005	T0	bench_ood_final/blr_adv/bayes_linear_adv_sweep.json	rows[scheme=replace,rate=0.15].prf_token.prf[0.05].precision	pointer uses literal-key brackets (check_claims.py grammar extension 2026-08-20); was WEAK, see finding D-F1
D206	chapters/results.tex:623	tab:ood-prf Panel A: per character BLR_all replace R @5%-FPR	0.781	0.0005	T0	bench_ood_final/blr_adv/bayes_linear_adv_sweep.json	rows[scheme=replace,rate=0.15].prf_token.prf[0.05].recall	pointer uses literal-key brackets (check_claims.py grammar extension 2026-08-20); was WEAK, see finding D-F1
D207	chapters/results.tex:623	tab:ood-prf Panel A: per character BLR_all replace F1 @5%-FPR	0.604	0.0005	T0	bench_ood_final/blr_adv/bayes_linear_adv_sweep.json	rows[scheme=replace,rate=0.15].prf_token.prf[0.05].f1	pointer uses literal-key brackets (check_claims.py grammar extension 2026-08-20); was WEAK, see finding D-F1
D208	chapters/results.tex:623	tab:ood-prf Panel A: per character BLR_all replace oracle F1*	0.648	0.0005	T0	bench_ood_final/blr_adv/bayes_linear_adv_sweep.json	rows[scheme=replace,rate=0.15].prf_token.f1_best	oracle-threshold ceiling
D209	chapters/results.tex:623	tab:ood-prf Panel A: per character BLR_all falseinfo P @5%-FPR	0.331	0.0005	T0	bench_ood_final/blr_adv/bayes_linear_adv_sweep.json	rows[scheme=falseinfo,rate=0.15].prf_token.prf[0.05].precision	pointer uses literal-key brackets (check_claims.py grammar extension 2026-08-20); was WEAK, see finding D-F1
D210	chapters/results.tex:623	tab:ood-prf Panel A: per character BLR_all falseinfo R @5%-FPR	0.226	0.0005	T0	bench_ood_final/blr_adv/bayes_linear_adv_sweep.json	rows[scheme=falseinfo,rate=0.15].prf_token.prf[0.05].recall	pointer uses literal-key brackets (check_claims.py grammar extension 2026-08-20); was WEAK, see finding D-F1
D211	chapters/results.tex:623	tab:ood-prf Panel A: per character BLR_all falseinfo F1 @5%-FPR	0.269	0.0005	T0	bench_ood_final/blr_adv/bayes_linear_adv_sweep.json	rows[scheme=falseinfo,rate=0.15].prf_token.prf[0.05].f1	pointer uses literal-key brackets (check_claims.py grammar extension 2026-08-20); was WEAK, see finding D-F1
D212	chapters/results.tex:623	tab:ood-prf Panel A: per character BLR_all falseinfo oracle F1*	0.286	0.0005	T0	bench_ood_final/blr_adv/bayes_linear_adv_sweep.json	rows[scheme=falseinfo,rate=0.15].prf_token.f1_best	oracle-threshold ceiling
D213	chapters/results.tex:623	tab:ood-prf Panel B: per word max BLR_all replace P @5%-FPR	0.933	0.0005	T0	bench_ood_final/blr_adv/bayes_linear_adv_sweep.json	rows[scheme=replace,rate=0.15].word_max.word.prf[0.05].precision	pointer uses literal-key brackets (check_claims.py grammar extension 2026-08-20); was WEAK, see finding D-F1
D214	chapters/results.tex:623	tab:ood-prf Panel B: per word max BLR_all replace R @5%-FPR	0.752	0.0005	T0	bench_ood_final/blr_adv/bayes_linear_adv_sweep.json	rows[scheme=replace,rate=0.15].word_max.word.prf[0.05].recall	pointer uses literal-key brackets (check_claims.py grammar extension 2026-08-20); was WEAK, see finding D-F1
D215	chapters/results.tex:623	tab:ood-prf Panel B: per word max BLR_all replace F1 @5%-FPR	0.833	0.0005	T0	bench_ood_final/blr_adv/bayes_linear_adv_sweep.json	rows[scheme=replace,rate=0.15].word_max.word.prf[0.05].f1	pointer uses literal-key brackets (check_claims.py grammar extension 2026-08-20); was WEAK, see finding D-F1
D216	chapters/results.tex:623	tab:ood-prf Panel B: per word max BLR_all replace oracle F1*	0.894	0.0005	T0	bench_ood_final/blr_adv/bayes_linear_adv_sweep.json	rows[scheme=replace,rate=0.15].word_max.word.f1_best	oracle-threshold ceiling
D217	chapters/results.tex:623	tab:ood-prf Panel B: per word max BLR_all falseinfo P @5%-FPR	0.468	0.0005	T0	bench_ood_final/blr_adv/bayes_linear_adv_sweep.json	rows[scheme=falseinfo,rate=0.15].word_max.word.prf[0.05].precision	pointer uses literal-key brackets (check_claims.py grammar extension 2026-08-20); was WEAK, see finding D-F1
D218	chapters/results.tex:623	tab:ood-prf Panel B: per word max BLR_all falseinfo R @5%-FPR	0.291	0.0005	T0	bench_ood_final/blr_adv/bayes_linear_adv_sweep.json	rows[scheme=falseinfo,rate=0.15].word_max.word.prf[0.05].recall	pointer uses literal-key brackets (check_claims.py grammar extension 2026-08-20); was WEAK, see finding D-F1
D219	chapters/results.tex:623	tab:ood-prf Panel B: per word max BLR_all falseinfo F1 @5%-FPR	0.359	0.0005	T0	bench_ood_final/blr_adv/bayes_linear_adv_sweep.json	rows[scheme=falseinfo,rate=0.15].word_max.word.prf[0.05].f1	pointer uses literal-key brackets (check_claims.py grammar extension 2026-08-20); was WEAK, see finding D-F1
D220	chapters/results.tex:623	tab:ood-prf Panel B: per word max BLR_all falseinfo oracle F1*	0.439	0.0005	T0	bench_ood_final/blr_adv/bayes_linear_adv_sweep.json	rows[scheme=falseinfo,rate=0.15].word_max.word.f1_best	oracle-threshold ceiling
D221	chapters/results.tex:623	tab:ood-prf Panel A: per character BLR_fi replace P @5%-FPR	0.283	0.0005	T0	bench_ood_final/blr_fi/bayes_linear_fi_sweep.json	rows[scheme=replace,rate=0.15].prf_token.prf[0.05].precision	pointer uses literal-key brackets (check_claims.py grammar extension 2026-08-20); was WEAK, see finding D-F1
D222	chapters/results.tex:623	tab:ood-prf Panel A: per character BLR_fi replace R @5%-FPR	0.7	0.0005	T0	bench_ood_final/blr_fi/bayes_linear_fi_sweep.json	rows[scheme=replace,rate=0.15].prf_token.prf[0.05].recall	pointer uses literal-key brackets (check_claims.py grammar extension 2026-08-20); was WEAK, see finding D-F1
D223	chapters/results.tex:623	tab:ood-prf Panel A: per character BLR_fi replace F1 @5%-FPR	0.403	0.0005	T0	bench_ood_final/blr_fi/bayes_linear_fi_sweep.json	rows[scheme=replace,rate=0.15].prf_token.prf[0.05].f1	pointer uses literal-key brackets (check_claims.py grammar extension 2026-08-20); was WEAK, see finding D-F1
D224	chapters/results.tex:623	tab:ood-prf Panel A: per character BLR_fi replace oracle F1*	0.414	0.0005	T0	bench_ood_final/blr_fi/bayes_linear_fi_sweep.json	rows[scheme=replace,rate=0.15].prf_token.f1_best	oracle-threshold ceiling
D225	chapters/results.tex:623	tab:ood-prf Panel A: per character BLR_fi falseinfo P @5%-FPR	0.338	0.0005	T0	bench_ood_final/blr_fi/bayes_linear_fi_sweep.json	rows[scheme=falseinfo,rate=0.15].prf_token.prf[0.05].precision	pointer uses literal-key brackets (check_claims.py grammar extension 2026-08-20); was WEAK, see finding D-F1
D226	chapters/results.tex:623	tab:ood-prf Panel A: per character BLR_fi falseinfo R @5%-FPR	0.305	0.0005	T0	bench_ood_final/blr_fi/bayes_linear_fi_sweep.json	rows[scheme=falseinfo,rate=0.15].prf_token.prf[0.05].recall	pointer uses literal-key brackets (check_claims.py grammar extension 2026-08-20); was WEAK, see finding D-F1
D227	chapters/results.tex:623	tab:ood-prf Panel A: per character BLR_fi falseinfo F1 @5%-FPR	0.321	0.0005	T0	bench_ood_final/blr_fi/bayes_linear_fi_sweep.json	rows[scheme=falseinfo,rate=0.15].prf_token.prf[0.05].f1	pointer uses literal-key brackets (check_claims.py grammar extension 2026-08-20); was WEAK, see finding D-F1
D228	chapters/results.tex:623	tab:ood-prf Panel A: per character BLR_fi falseinfo oracle F1*	0.337	0.0005	T0	bench_ood_final/blr_fi/bayes_linear_fi_sweep.json	rows[scheme=falseinfo,rate=0.15].prf_token.f1_best	oracle-threshold ceiling
D229	chapters/results.tex:623	tab:ood-prf Panel B: per word max BLR_fi replace P @5%-FPR	0.822	0.0005	T0	bench_ood_final/blr_fi/bayes_linear_fi_sweep.json	rows[scheme=replace,rate=0.15].word_max.word.prf[0.05].precision	pointer uses literal-key brackets (check_claims.py grammar extension 2026-08-20); was WEAK, see finding D-F1
D230	chapters/results.tex:623	tab:ood-prf Panel B: per word max BLR_fi replace R @5%-FPR	0.61	0.0005	T0	bench_ood_final/blr_fi/bayes_linear_fi_sweep.json	rows[scheme=replace,rate=0.15].word_max.word.prf[0.05].recall	pointer uses literal-key brackets (check_claims.py grammar extension 2026-08-20); was WEAK, see finding D-F1
D231	chapters/results.tex:623	tab:ood-prf Panel B: per word max BLR_fi replace F1 @5%-FPR	0.7	0.0005	T0	bench_ood_final/blr_fi/bayes_linear_fi_sweep.json	rows[scheme=replace,rate=0.15].word_max.word.prf[0.05].f1	pointer uses literal-key brackets (check_claims.py grammar extension 2026-08-20); was WEAK, see finding D-F1
D232	chapters/results.tex:623	tab:ood-prf Panel B: per word max BLR_fi replace oracle F1*	0.818	0.0005	T0	bench_ood_final/blr_fi/bayes_linear_fi_sweep.json	rows[scheme=replace,rate=0.15].word_max.word.f1_best	oracle-threshold ceiling
D233	chapters/results.tex:623	tab:ood-prf Panel B: per word max BLR_fi falseinfo P @5%-FPR	0.478	0.0005	T0	bench_ood_final/blr_fi/bayes_linear_fi_sweep.json	rows[scheme=falseinfo,rate=0.15].word_max.word.prf[0.05].precision	pointer uses literal-key brackets (check_claims.py grammar extension 2026-08-20); was WEAK, see finding D-F1
D234	chapters/results.tex:623	tab:ood-prf Panel B: per word max BLR_fi falseinfo R @5%-FPR	0.398	0.0005	T0	bench_ood_final/blr_fi/bayes_linear_fi_sweep.json	rows[scheme=falseinfo,rate=0.15].word_max.word.prf[0.05].recall	pointer uses literal-key brackets (check_claims.py grammar extension 2026-08-20); was WEAK, see finding D-F1
D235	chapters/results.tex:623	tab:ood-prf Panel B: per word max BLR_fi falseinfo F1 @5%-FPR	0.435	0.0005	T0	bench_ood_final/blr_fi/bayes_linear_fi_sweep.json	rows[scheme=falseinfo,rate=0.15].word_max.word.prf[0.05].f1	pointer uses literal-key brackets (check_claims.py grammar extension 2026-08-20); was WEAK, see finding D-F1
D236	chapters/results.tex:623	tab:ood-prf Panel B: per word max BLR_fi falseinfo oracle F1*	0.45	0.0005	T0	bench_ood_final/blr_fi/bayes_linear_fi_sweep.json	rows[scheme=falseinfo,rate=0.15].word_max.word.f1_best	oracle-threshold ceiling
D237	chapters/results.tex:623	tab:ood-prf Panel A: per character BGMM replace P @5%-FPR	0.457	0.0005	T0	bench_ood_final/bgmm/bgmm_perpos_sweep.json	rows[scheme=replace,rate=0.15].prf_token.prf[0.05].precision	pointer uses literal-key brackets (check_claims.py grammar extension 2026-08-20); was WEAK, see finding D-F1
D238	chapters/results.tex:623	tab:ood-prf Panel A: per character BGMM replace R @5%-FPR	0.635	0.0005	T0	bench_ood_final/bgmm/bgmm_perpos_sweep.json	rows[scheme=replace,rate=0.15].prf_token.prf[0.05].recall	pointer uses literal-key brackets (check_claims.py grammar extension 2026-08-20); was WEAK, see finding D-F1
D239	chapters/results.tex:623	tab:ood-prf Panel A: per character BGMM replace F1 @5%-FPR	0.531	0.0005	T0	bench_ood_final/bgmm/bgmm_perpos_sweep.json	rows[scheme=replace,rate=0.15].prf_token.prf[0.05].f1	pointer uses literal-key brackets (check_claims.py grammar extension 2026-08-20); was WEAK, see finding D-F1
D240	chapters/results.tex:623	tab:ood-prf Panel A: per character BGMM replace oracle F1*	0.534	0.0005	T0	bench_ood_final/bgmm/bgmm_perpos_sweep.json	rows[scheme=replace,rate=0.15].prf_token.f1_best	oracle-threshold ceiling
D241	chapters/results.tex:623	tab:ood-prf Panel A: per character BGMM falseinfo P @5%-FPR	0.227	0.0005	T0	bench_ood_final/bgmm/bgmm_perpos_sweep.json	rows[scheme=falseinfo,rate=0.15].prf_token.prf[0.05].precision	pointer uses literal-key brackets (check_claims.py grammar extension 2026-08-20); was WEAK, see finding D-F1
D242	chapters/results.tex:623	tab:ood-prf Panel A: per character BGMM falseinfo R @5%-FPR	0.128	0.0005	T0	bench_ood_final/bgmm/bgmm_perpos_sweep.json	rows[scheme=falseinfo,rate=0.15].prf_token.prf[0.05].recall	pointer uses literal-key brackets (check_claims.py grammar extension 2026-08-20); was WEAK, see finding D-F1
D243	chapters/results.tex:623	tab:ood-prf Panel A: per character BGMM falseinfo F1 @5%-FPR	0.164	0.0005	T0	bench_ood_final/bgmm/bgmm_perpos_sweep.json	rows[scheme=falseinfo,rate=0.15].prf_token.prf[0.05].f1	pointer uses literal-key brackets (check_claims.py grammar extension 2026-08-20); was WEAK, see finding D-F1
D244	chapters/results.tex:623	tab:ood-prf Panel A: per character BGMM falseinfo oracle F1*	0.285	0.0005	T0	bench_ood_final/bgmm/bgmm_perpos_sweep.json	rows[scheme=falseinfo,rate=0.15].prf_token.f1_best	oracle-threshold ceiling
D245	chapters/results.tex:623	tab:ood-prf Panel B: per word max BGMM replace P @5%-FPR	0.937	0.0005	T0	bench_ood_final/bgmm/bgmm_perpos_sweep.json	rows[scheme=replace,rate=0.15].word_max.word.prf[0.05].precision	pointer uses literal-key brackets (check_claims.py grammar extension 2026-08-20); was WEAK, see finding D-F1
D246	chapters/results.tex:623	tab:ood-prf Panel B: per word max BGMM replace R @5%-FPR	0.516	0.0005	T0	bench_ood_final/bgmm/bgmm_perpos_sweep.json	rows[scheme=replace,rate=0.15].word_max.word.prf[0.05].recall	pointer uses literal-key brackets (check_claims.py grammar extension 2026-08-20); was WEAK, see finding D-F1
D247	chapters/results.tex:623	tab:ood-prf Panel B: per word max BGMM replace F1 @5%-FPR	0.665	0.0005	T0	bench_ood_final/bgmm/bgmm_perpos_sweep.json	rows[scheme=replace,rate=0.15].word_max.word.prf[0.05].f1	pointer uses literal-key brackets (check_claims.py grammar extension 2026-08-20); was WEAK, see finding D-F1
D248	chapters/results.tex:623	tab:ood-prf Panel B: per word max BGMM replace oracle F1*	0.857	0.0005	T0	bench_ood_final/bgmm/bgmm_perpos_sweep.json	rows[scheme=replace,rate=0.15].word_max.word.f1_best	oracle-threshold ceiling
D249	chapters/results.tex:623	tab:ood-prf Panel B: per word max BGMM falseinfo P @5%-FPR	0.265	0.0005	T0	bench_ood_final/bgmm/bgmm_perpos_sweep.json	rows[scheme=falseinfo,rate=0.15].word_max.word.prf[0.05].precision	pointer uses literal-key brackets (check_claims.py grammar extension 2026-08-20); was WEAK, see finding D-F1
D250	chapters/results.tex:623	tab:ood-prf Panel B: per word max BGMM falseinfo R @5%-FPR	0.116	0.0005	T0	bench_ood_final/bgmm/bgmm_perpos_sweep.json	rows[scheme=falseinfo,rate=0.15].word_max.word.prf[0.05].recall	pointer uses literal-key brackets (check_claims.py grammar extension 2026-08-20); was WEAK, see finding D-F1
D251	chapters/results.tex:623	tab:ood-prf Panel B: per word max BGMM falseinfo F1 @5%-FPR	0.161	0.0005	T0	bench_ood_final/bgmm/bgmm_perpos_sweep.json	rows[scheme=falseinfo,rate=0.15].word_max.word.prf[0.05].f1	pointer uses literal-key brackets (check_claims.py grammar extension 2026-08-20); was WEAK, see finding D-F1
D252	chapters/results.tex:623	tab:ood-prf Panel B: per word max BGMM falseinfo oracle F1*	0.368	0.0005	T0	bench_ood_final/bgmm/bgmm_perpos_sweep.json	rows[scheme=falseinfo,rate=0.15].word_max.word.f1_best	oracle-threshold ceiling
D253	chapters/results.tex:623	tab:ood-prf Panel A: per character GPT-2 SE replace P @5%-FPR	0.214	0.0005	T0	bench_ood_final/gpt2_se/gpt2_spilled_energy_sweep.json	rows[scheme=replace,rate=0.15].prf_token.prf[0.05].precision	pointer uses literal-key brackets (check_claims.py grammar extension 2026-08-20); was WEAK, see finding D-F1
D254	chapters/results.tex:623	tab:ood-prf Panel A: per character GPT-2 SE replace R @5%-FPR	0.054	0.0005	T0	bench_ood_final/gpt2_se/gpt2_spilled_energy_sweep.json	rows[scheme=replace,rate=0.15].prf_token.prf[0.05].recall	pointer uses literal-key brackets (check_claims.py grammar extension 2026-08-20); was WEAK, see finding D-F1
D255	chapters/results.tex:623	tab:ood-prf Panel A: per character GPT-2 SE replace F1 @5%-FPR	0.086	0.0005	T0	bench_ood_final/gpt2_se/gpt2_spilled_energy_sweep.json	rows[scheme=replace,rate=0.15].prf_token.prf[0.05].f1	pointer uses literal-key brackets (check_claims.py grammar extension 2026-08-20); was WEAK, see finding D-F1
D256	chapters/results.tex:623	tab:ood-prf Panel A: per character GPT-2 SE replace oracle F1*	0.357	0.0005	T0	bench_ood_final/gpt2_se/gpt2_spilled_energy_sweep.json	rows[scheme=replace,rate=0.15].prf_token.f1_best	oracle-threshold ceiling
D257	chapters/results.tex:623	tab:ood-prf Panel A: per character GPT-2 SE falseinfo P @5%-FPR	0.224	0.0005	T0	bench_ood_final/gpt2_se/gpt2_spilled_energy_sweep.json	rows[scheme=falseinfo,rate=0.15].prf_token.prf[0.05].precision	pointer uses literal-key brackets (check_claims.py grammar extension 2026-08-20); was WEAK, see finding D-F1
D258	chapters/results.tex:623	tab:ood-prf Panel A: per character GPT-2 SE falseinfo R @5%-FPR	0.104	0.0005	T0	bench_ood_final/gpt2_se/gpt2_spilled_energy_sweep.json	rows[scheme=falseinfo,rate=0.15].prf_token.prf[0.05].recall	pointer uses literal-key brackets (check_claims.py grammar extension 2026-08-20); was WEAK, see finding D-F1
D259	chapters/results.tex:623	tab:ood-prf Panel A: per character GPT-2 SE falseinfo F1 @5%-FPR	0.142	0.0005	T0	bench_ood_final/gpt2_se/gpt2_spilled_energy_sweep.json	rows[scheme=falseinfo,rate=0.15].prf_token.prf[0.05].f1	pointer uses literal-key brackets (check_claims.py grammar extension 2026-08-20); was WEAK, see finding D-F1
D260	chapters/results.tex:623	tab:ood-prf Panel A: per character GPT-2 SE falseinfo oracle F1*	0.199	0.0005	T0	bench_ood_final/gpt2_se/gpt2_spilled_energy_sweep.json	rows[scheme=falseinfo,rate=0.15].prf_token.f1_best	oracle-threshold ceiling
D261	chapters/results.tex:623	tab:ood-prf Panel B: per word max GPT-2 SE replace P @5%-FPR	0.622	0.0005	T0	bench_ood_final/gpt2_se/gpt2_spilled_energy_sweep.json	rows[scheme=replace,rate=0.15].word_max.word.prf[0.05].precision	pointer uses literal-key brackets (check_claims.py grammar extension 2026-08-20); was WEAK, see finding D-F1
D262	chapters/results.tex:623	tab:ood-prf Panel B: per word max GPT-2 SE replace R @5%-FPR	0.004	0.0005	T0	bench_ood_final/gpt2_se/gpt2_spilled_energy_sweep.json	rows[scheme=replace,rate=0.15].word_max.word.prf[0.05].recall	pointer uses literal-key brackets (check_claims.py grammar extension 2026-08-20); was WEAK, see finding D-F1
D263	chapters/results.tex:623	tab:ood-prf Panel B: per word max GPT-2 SE replace F1 @5%-FPR	0.008	0.0005	T0	bench_ood_final/gpt2_se/gpt2_spilled_energy_sweep.json	rows[scheme=replace,rate=0.15].word_max.word.prf[0.05].f1	pointer uses literal-key brackets (check_claims.py grammar extension 2026-08-20); was WEAK, see finding D-F1
D264	chapters/results.tex:623	tab:ood-prf Panel B: per word max GPT-2 SE replace oracle F1*	0.787	0.0005	T0	bench_ood_final/gpt2_se/gpt2_spilled_energy_sweep.json	rows[scheme=replace,rate=0.15].word_max.word.f1_best	oracle-threshold ceiling
D265	chapters/results.tex:623	tab:ood-prf Panel B: per word max GPT-2 SE falseinfo P @5%-FPR	0.279	0.0005	T0	bench_ood_final/gpt2_se/gpt2_spilled_energy_sweep.json	rows[scheme=falseinfo,rate=0.15].word_max.word.prf[0.05].precision	pointer uses literal-key brackets (check_claims.py grammar extension 2026-08-20); was WEAK, see finding D-F1
D266	chapters/results.tex:623	tab:ood-prf Panel B: per word max GPT-2 SE falseinfo R @5%-FPR	0.086	0.0005	T0	bench_ood_final/gpt2_se/gpt2_spilled_energy_sweep.json	rows[scheme=falseinfo,rate=0.15].word_max.word.prf[0.05].recall	pointer uses literal-key brackets (check_claims.py grammar extension 2026-08-20); was WEAK, see finding D-F1
D267	chapters/results.tex:623	tab:ood-prf Panel B: per word max GPT-2 SE falseinfo F1 @5%-FPR	0.131	0.0005	T0	bench_ood_final/gpt2_se/gpt2_spilled_energy_sweep.json	rows[scheme=falseinfo,rate=0.15].word_max.word.prf[0.05].f1	pointer uses literal-key brackets (check_claims.py grammar extension 2026-08-20); was WEAK, see finding D-F1
D268	chapters/results.tex:623	tab:ood-prf Panel B: per word max GPT-2 SE falseinfo oracle F1*	0.336	0.0005	T0	bench_ood_final/gpt2_se/gpt2_spilled_energy_sweep.json	rows[scheme=falseinfo,rate=0.15].word_max.word.f1_best	oracle-threshold ceiling
D269	chapters/results.tex:623	tab:ood-prf Panel A: per character GPT-2 NLL replace P @5%-FPR	0.212	0.0005	T0	bench_ood_final/gpt2_nll/gpt2_nll_sweep.json	rows[scheme=replace,rate=0.15].prf_token.prf[0.05].precision	pointer uses literal-key brackets (check_claims.py grammar extension 2026-08-20); was WEAK, see finding D-F1
D270	chapters/results.tex:623	tab:ood-prf Panel A: per character GPT-2 NLL replace R @5%-FPR	0.194	0.0005	T0	bench_ood_final/gpt2_nll/gpt2_nll_sweep.json	rows[scheme=replace,rate=0.15].prf_token.prf[0.05].recall	pointer uses literal-key brackets (check_claims.py grammar extension 2026-08-20); was WEAK, see finding D-F1
D271	chapters/results.tex:623	tab:ood-prf Panel A: per character GPT-2 NLL replace F1 @5%-FPR	0.203	0.0005	T0	bench_ood_final/gpt2_nll/gpt2_nll_sweep.json	rows[scheme=replace,rate=0.15].prf_token.prf[0.05].f1	pointer uses literal-key brackets (check_claims.py grammar extension 2026-08-20); was WEAK, see finding D-F1
D272	chapters/results.tex:623	tab:ood-prf Panel A: per character GPT-2 NLL replace oracle F1*	0.385	0.0005	T0	bench_ood_final/gpt2_nll/gpt2_nll_sweep.json	rows[scheme=replace,rate=0.15].prf_token.f1_best	oracle-threshold ceiling
D273	chapters/results.tex:623	tab:ood-prf Panel A: per character GPT-2 NLL falseinfo P @5%-FPR	0.285	0.0005	T0	bench_ood_final/gpt2_nll/gpt2_nll_sweep.json	rows[scheme=falseinfo,rate=0.15].prf_token.prf[0.05].precision	pointer uses literal-key brackets (check_claims.py grammar extension 2026-08-20); was WEAK, see finding D-F1
D274	chapters/results.tex:623	tab:ood-prf Panel A: per character GPT-2 NLL falseinfo R @5%-FPR	0.19	0.0005	T0	bench_ood_final/gpt2_nll/gpt2_nll_sweep.json	rows[scheme=falseinfo,rate=0.15].prf_token.prf[0.05].recall	pointer uses literal-key brackets (check_claims.py grammar extension 2026-08-20); was WEAK, see finding D-F1
D275	chapters/results.tex:623	tab:ood-prf Panel A: per character GPT-2 NLL falseinfo F1 @5%-FPR	0.228	0.0005	T0	bench_ood_final/gpt2_nll/gpt2_nll_sweep.json	rows[scheme=falseinfo,rate=0.15].prf_token.prf[0.05].f1	pointer uses literal-key brackets (check_claims.py grammar extension 2026-08-20); was WEAK, see finding D-F1
D276	chapters/results.tex:623	tab:ood-prf Panel A: per character GPT-2 NLL falseinfo oracle F1*	0.236	0.0005	T0	bench_ood_final/gpt2_nll/gpt2_nll_sweep.json	rows[scheme=falseinfo,rate=0.15].prf_token.f1_best	oracle-threshold ceiling
D277	chapters/results.tex:623	tab:ood-prf Panel B: per word max GPT-2 NLL replace P @5%-FPR	0.732	0.0005	T0	bench_ood_final/gpt2_nll/gpt2_nll_sweep.json	rows[scheme=replace,rate=0.15].word_max.word.prf[0.05].precision	pointer uses literal-key brackets (check_claims.py grammar extension 2026-08-20); was WEAK, see finding D-F1
D278	chapters/results.tex:623	tab:ood-prf Panel B: per word max GPT-2 NLL replace R @5%-FPR	0.168	0.0005	T0	bench_ood_final/gpt2_nll/gpt2_nll_sweep.json	rows[scheme=replace,rate=0.15].word_max.word.prf[0.05].recall	pointer uses literal-key brackets (check_claims.py grammar extension 2026-08-20); was WEAK, see finding D-F1
D279	chapters/results.tex:623	tab:ood-prf Panel B: per word max GPT-2 NLL replace F1 @5%-FPR	0.273	0.0005	T0	bench_ood_final/gpt2_nll/gpt2_nll_sweep.json	rows[scheme=replace,rate=0.15].word_max.word.prf[0.05].f1	pointer uses literal-key brackets (check_claims.py grammar extension 2026-08-20); was WEAK, see finding D-F1
D280	chapters/results.tex:623	tab:ood-prf Panel B: per word max GPT-2 NLL replace oracle F1*	0.782	0.0005	T0	bench_ood_final/gpt2_nll/gpt2_nll_sweep.json	rows[scheme=replace,rate=0.15].word_max.word.f1_best	oracle-threshold ceiling
D281	chapters/results.tex:623	tab:ood-prf Panel B: per word max GPT-2 NLL falseinfo P @5%-FPR	0.489	0.0005	T0	bench_ood_final/gpt2_nll/gpt2_nll_sweep.json	rows[scheme=falseinfo,rate=0.15].word_max.word.prf[0.05].precision	pointer uses literal-key brackets (check_claims.py grammar extension 2026-08-20); was WEAK, see finding D-F1
D282	chapters/results.tex:623	tab:ood-prf Panel B: per word max GPT-2 NLL falseinfo R @5%-FPR	0.35	0.0005	T0	bench_ood_final/gpt2_nll/gpt2_nll_sweep.json	rows[scheme=falseinfo,rate=0.15].word_max.word.prf[0.05].recall	pointer uses literal-key brackets (check_claims.py grammar extension 2026-08-20); was WEAK, see finding D-F1
D283	chapters/results.tex:623	tab:ood-prf Panel B: per word max GPT-2 NLL falseinfo F1 @5%-FPR	0.408	0.0005	T0	bench_ood_final/gpt2_nll/gpt2_nll_sweep.json	rows[scheme=falseinfo,rate=0.15].word_max.word.prf[0.05].f1	pointer uses literal-key brackets (check_claims.py grammar extension 2026-08-20); was WEAK, see finding D-F1
D284	chapters/results.tex:623	tab:ood-prf Panel B: per word max GPT-2 NLL falseinfo oracle F1*	0.491	0.0005	T0	bench_ood_final/gpt2_nll/gpt2_nll_sweep.json	rows[scheme=falseinfo,rate=0.15].word_max.word.f1_best	oracle-threshold ceiling
D285	chapters/results.tex:621	tab:ood-prf caption prevalence, replace per character	0.149	0.0005	T0	bench_ood_final/nll/denoiser_nll_sweep.json	rows[scheme=replace,rate=0.15].prf_token.prevalence	prevalence = precision of a random detector
D286	chapters/results.tex:621	tab:ood-prf caption prevalence, false info per character	0.11	0.0005	T0	bench_ood_final/nll/denoiser_nll_sweep.json	rows[scheme=falseinfo,rate=0.15].prf_token.prevalence	prevalence = precision of a random detector
D287	chapters/results.tex:621	tab:ood-prf caption prevalence, replace per word	0.561	0.0005	T0	bench_ood_final/nll/denoiser_nll_sweep.json	rows[scheme=replace,rate=0.15].word_max.word.prevalence	prevalence = precision of a random detector
D288	chapters/results.tex:621	tab:ood-prf caption prevalence, false info per word	0.14	0.0005	T0	bench_ood_final/nll/denoiser_nll_sweep.json	rows[scheme=falseinfo,rate=0.15].word_max.word.prevalence	prevalence = precision of a random detector
D289	chapters/results.tex:675	tab:ood-transfer LOG_fi full-dim text8_indist token AUROC	0.878	0.0005	T0	bench_ood_final/transfer/semaglutide_transfer_gpt2.json	results.text8_indist.token_auroc	n=128 per domain, rate 0.15; arm NOT in manifest (finding D-TR)
D290	chapters/results.tex:675	tab:ood-transfer LOG_fi full-dim text8_indist word AUROC	0.912	0.0005	T0	bench_ood_final/transfer/semaglutide_transfer_gpt2.json	results.text8_indist.word_auroc_max	n=128 per domain, rate 0.15; arm NOT in manifest (finding D-TR)
D291	chapters/results.tex:675	tab:ood-transfer LOG_fi full-dim text8_indist sequence AUROC	0.877	0.0005	T0	bench_ood_final/transfer/semaglutide_transfer_gpt2.json	results.text8_indist.seq_auroc	n=128 per domain, rate 0.15; arm NOT in manifest (finding D-TR)
D292	chapters/results.tex:675	tab:ood-transfer LOG_fi full-dim semaglutide_ood token AUROC	0.827	0.0005	T0	bench_ood_final/transfer/semaglutide_transfer_gpt2.json	results.semaglutide_ood.token_auroc	n=128 per domain, rate 0.15; arm NOT in manifest (finding D-TR)
D293	chapters/results.tex:675	tab:ood-transfer LOG_fi full-dim semaglutide_ood word AUROC	0.882	0.0005	T0	bench_ood_final/transfer/semaglutide_transfer_gpt2.json	results.semaglutide_ood.word_auroc_max	n=128 per domain, rate 0.15; arm NOT in manifest (finding D-TR)
D294	chapters/results.tex:675	tab:ood-transfer LOG_fi full-dim semaglutide_ood sequence AUROC	0.776	0.0005	T0	bench_ood_final/transfer/semaglutide_transfer_gpt2.json	results.semaglutide_ood.seq_auroc	n=128 per domain, rate 0.15; arm NOT in manifest (finding D-TR)
D295	chapters/results.tex:675	tab:ood-transfer GPT-2 NLL text8_indist token AUROC	0.709	0.0005	T0	bench_ood_final/transfer/semaglutide_transfer_gpt2.json	results.text8_indist.gpt2_nll.bpe_token_auroc	n=128 per domain, rate 0.15; arm NOT in manifest (finding D-TR)
D296	chapters/results.tex:675	tab:ood-transfer GPT-2 NLL text8_indist word AUROC	0.837	0.0005	T0	bench_ood_final/transfer/semaglutide_transfer_gpt2.json	results.text8_indist.gpt2_nll.word_auroc_max	n=128 per domain, rate 0.15; arm NOT in manifest (finding D-TR)
D297	chapters/results.tex:675	tab:ood-transfer GPT-2 NLL text8_indist sequence AUROC	0.944	0.0005	T0	bench_ood_final/transfer/semaglutide_transfer_gpt2.json	results.text8_indist.gpt2_nll.seq_auroc_charnorm	n=128 per domain, rate 0.15; arm NOT in manifest (finding D-TR)
D298	chapters/results.tex:675	tab:ood-transfer GPT-2 NLL semaglutide_ood token AUROC	0.716	0.0005	T0	bench_ood_final/transfer/semaglutide_transfer_gpt2.json	results.semaglutide_ood.gpt2_nll.bpe_token_auroc	n=128 per domain, rate 0.15; arm NOT in manifest (finding D-TR)
D299	chapters/results.tex:675	tab:ood-transfer GPT-2 NLL semaglutide_ood word AUROC	0.847	0.0005	T0	bench_ood_final/transfer/semaglutide_transfer_gpt2.json	results.semaglutide_ood.gpt2_nll.word_auroc_max	n=128 per domain, rate 0.15; arm NOT in manifest (finding D-TR)
D300	chapters/results.tex:675	tab:ood-transfer GPT-2 NLL semaglutide_ood sequence AUROC	0.9	0.0005	T0	bench_ood_final/transfer/semaglutide_transfer_gpt2.json	results.semaglutide_ood.gpt2_nll.seq_auroc_charnorm	n=128 per domain, rate 0.15; arm NOT in manifest (finding D-TR)
D301	chapters/results.tex:377	test sequences scored per detector, n	256	0.5	T0	bench_ood_final/manifest.json	common.n	benchmark config
D302	chapters/results.tex:377	disjoint clean fit sequences	512	0.5	T0	bench_ood_final/manifest.json	common.fit_seqs	benchmark config
D303	chapters/results.tex:392	NLL replace word-max AUROC @0.15	0.981	0.0005	T0	bench_ood_final/nll/denoiser_nll_sweep.json	rows[scheme=replace,rate=0.15].auroc_word_max	
D304	chapters/results.tex:392	NLL shuffle word-max AUROC @0.15	0.967	0.0005	T0	bench_ood_final/nll/denoiser_nll_sweep.json	rows[scheme=shuffle,rate=0.15].auroc_word_max	
D305	chapters/results.tex:392	NLL replace word-max floor over rates<=0.3 (binds at 0.1)	0.979	0.0005	T0	bench_ood_final/nll/denoiser_nll_sweep.json	rows[scheme=replace,rate=0.1].auroc_word_max	min over the 6 rates 0.05-0.3
D306	chapters/results.tex:392	NLL shuffle word-max floor over rates<=0.3 (binds at 0.3)	0.95	0.0005	T0	bench_ood_final/nll/denoiser_nll_sweep.json	rows[scheme=shuffle,rate=0.3].auroc_word_max	min over the 6 rates 0.05-0.3
D307	chapters/results.tex:393	BLR_all replace word-max @0.5	0.973	0.0005	T0	bench_ood_final/blr_adv/bayes_linear_adv_sweep.json	rows[scheme=replace,rate=0.5].auroc_word_max	crossover point
D308	chapters/results.tex:393	NLL replace word-max @0.5	0.967	0.0005	T0	bench_ood_final/nll/denoiser_nll_sweep.json	rows[scheme=replace,rate=0.5].auroc_word_max	crossover point
D309	chapters/results.tex:393	BLR_all shuffle word-max @0.7	0.854	0.0005	T0	bench_ood_final/blr_adv/bayes_linear_adv_sweep.json	rows[scheme=shuffle,rate=0.7].auroc_word_max	crossover point
D310	chapters/results.tex:393	NLL shuffle word-max @0.7	0.796	0.0005	T0	bench_ood_final/nll/denoiser_nll_sweep.json	rows[scheme=shuffle,rate=0.7].auroc_word_max	crossover point
D311	chapters/results.tex:396	fitted-head band low end at 0.15 (BLR shuffle)	0.87	0.005	T0	bench_ood_final/blr/bayes_linear_sweep.json	rows[scheme=shuffle,rate=0.15].auroc_word_max	range 0.87-0.94
D312	chapters/results.tex:396	fitted-head band high end at 0.15 (BLR_all replace)	0.94	0.005	T0	bench_ood_final/blr_adv/bayes_linear_adv_sweep.json	rows[scheme=replace,rate=0.15].auroc_word_max	range 0.87-0.94
D313	chapters/results.tex:396	BLR_fi band low end at 0.15 (shuffle)	0.78	0.005	T0	bench_ood_final/blr_fi/bayes_linear_fi_sweep.json	rows[scheme=shuffle,rate=0.15].auroc_word_max	range 0.78-0.83
D314	chapters/results.tex:396	BLR_fi band high end at 0.15 (replace)	0.83	0.005	T0	bench_ood_final/blr_fi/bayes_linear_fi_sweep.json	rows[scheme=replace,rate=0.15].auroc_word_max	range 0.78-0.83
D315	chapters/results.tex:396	GPT-2 band low end at 0.15 (SE shuffle)	0.72	0.005	T0	bench_ood_final/gpt2_se/gpt2_spilled_energy_sweep.json	rows[scheme=shuffle,rate=0.15].auroc_word_max	range 0.72-0.75
D316	chapters/results.tex:396	GPT-2 band high end at 0.15 (NLL shuffle)	0.75	0.005	T0	bench_ood_final/gpt2_nll/gpt2_nll_sweep.json	rows[scheme=shuffle,rate=0.15].auroc_word_max	range 0.72-0.75
D317	chapters/results.tex:424	GPT-2 NLL native BPE token AUROC, replace@0.15	0.557	0.0005	T0	bench_ood_final/gpt2_nll/gpt2_nll_sweep.json	rows[scheme=replace,rate=0.15].auroc_token_se_bpe	no pooling involved
D318	chapters/results.tex:424	GPT-2 NLL native BPE sequence AUROC, replace@0.15	1.0	0.0005	T0	bench_ood_final/gpt2_nll/gpt2_nll_sweep.json	rows[scheme=replace,rate=0.15].auroc_seq_se_bpe	saturated
D319	chapters/results.tex:425	clean BPE token count over the 256 windows	13361	0.5	T0	bench_ood_final/gpt2_nll/bpe_token_counts.json	n_bpe_tokens_clean	65536 characters
D320	chapters/results.tex:425	BPE token count, replace@0.15	22801	0.5	T0	bench_ood_final/gpt2_nll/bpe_token_counts.json	rows[scheme=replace,rate=0.15].n_bpe_tokens	
D321	chapters/results.tex:425	BPE token count, replace@0.5	33014	0.5	T0	bench_ood_final/gpt2_nll/bpe_token_counts.json	rows[scheme=replace,rate=0.5].n_bpe_tokens	
D322	chapters/results.tex:425	share of BPE tokens touching a corrupted char, replace@0.15	0.399	0.0005	T0	bench_ood_final/gpt2_nll/gpt2_nll_sweep.json	rows[scheme=replace,rate=0.15].prf_token_bpe.prevalence	full precision; the rounded 0.3985 in bpe_token_counts.json misses tol
D323	chapters/results.tex:425	share of BPE tokens touching a corrupted char, replace@0.5	0.771	0.0005	T0	bench_ood_final/gpt2_nll/gpt2_nll_sweep.json	rows[scheme=replace,rate=0.5].prf_token_bpe.prevalence	full precision
D324	chapters/results.tex:427	BPE token inflation under falseinfo@0.15 (+2.4%)	1.024	0.0005	T0	bench_ood_final/gpt2_nll/bpe_token_counts.json	rows[scheme=falseinfo,rate=0.15].vs_clean	tokenization left intact
D325	chapters/results.tex:427	BPE prevalence, falseinfo@0.15	0.158	0.0005	T0	bench_ood_final/gpt2_nll/gpt2_nll_sweep.json	rows[scheme=falseinfo,rate=0.15].prf_token_bpe.prevalence	tracks the nominal rate; full precision
D326	chapters/results.tex:427	GPT-2 NLL BPE token AUROC, falseinfo@0.15	0.768	0.0005	T0	bench_ood_final/gpt2_nll/gpt2_nll_sweep.json	rows[scheme=falseinfo,rate=0.15].auroc_token_se_bpe	
D327	chapters/results.tex:427	GPT-2 NLL char-attributed token AUROC, falseinfo@0.15	0.555	0.0005	T0	bench_ood_final/gpt2_nll/gpt2_nll_sweep.json	rows[scheme=falseinfo,rate=0.15].auroc_token_se	boundary attribution
D328	chapters/results.tex:429	GPT-2 NLL replace word-max @0.05	0.836	0.0005	T0	bench_ood_final/gpt2_nll/gpt2_nll_sweep.json	rows[scheme=replace,rate=0.05].auroc_word_max	degradation with rate
D329	chapters/results.tex:429	GPT-2 NLL replace word-max @0.3	0.701	0.0005	T0	bench_ood_final/gpt2_nll/gpt2_nll_sweep.json	rows[scheme=replace,rate=0.3].auroc_word_max	degradation with rate
D330	chapters/results.tex:430	NLL replace word-max band low end over 0.05-0.3	0.979	0.0005	T0	bench_ood_final/nll/denoiser_nll_sweep.json	rows[scheme=replace,rate=0.1].auroc_word_max	band 0.979-0.982
D331	chapters/results.tex:430	NLL replace word-max band high end over 0.05-0.3	0.982	0.0005	T0	bench_ood_final/nll/denoiser_nll_sweep.json	rows[scheme=replace,rate=0.2].auroc_word_max	band 0.979-0.982
D332	chapters/results.tex:434	BLR variance-channel sequence AUROC, replace@0.15	0.996	0.0005	T0	bench_ood_final/blr/bayes_linear_sweep.json	rows[scheme=replace,rate=0.15].auroc_seq_uncertainty	
D333	chapters/results.tex:434	BLR energy-channel sequence AUROC, replace@0.15	0.993	0.0005	T0	bench_ood_final/blr/bayes_linear_sweep.json	rows[scheme=replace,rate=0.15].auroc_seq_energy	
D334	chapters/results.tex:434	BLR variance-channel token AUROC, replace@0.15	0.802	0.0005	T0	bench_ood_final/blr/bayes_linear_sweep.json	rows[scheme=replace,rate=0.15].auroc_token_uncertainty	
D335	chapters/results.tex:434	BLR energy-channel token AUROC, replace@0.15	0.889	0.0005	T0	bench_ood_final/blr/bayes_linear_sweep.json	rows[scheme=replace,rate=0.15].auroc_token_energy	
D336	chapters/results.tex:434	BLR variance-channel token AUROC, falseinfo@0.15	0.705	0.0005	T0	bench_ood_final/blr/bayes_linear_sweep.json	rows[scheme=falseinfo,rate=0.15].auroc_token_uncertainty	ordering reverses
D337	chapters/results.tex:434	BLR energy-channel token AUROC, falseinfo@0.15	0.529	0.0005	T0	bench_ood_final/blr/bayes_linear_sweep.json	rows[scheme=falseinfo,rate=0.15].auroc_token_energy	ordering reverses
D338	chapters/results.tex:471	weakest sequence AUROC on replace@0.1 (BLR_fi), paper bound 'above 0.92'	0.921	0.0005	T0	bench_ood_final/blr_fi/bayes_linear_fi_sweep.json	rows[scheme=replace,rate=0.1].auroc_seq_energy	binding minimum across the 7 detectors
D339	chapters/results.tex:471	weakest sequence AUROC on replace@0.2 (BLR_all), paper bound 'above 0.996'	0.9965	5e-05	T0	bench_ood_final/blr_adv/bayes_linear_adv_sweep.json	rows[scheme=replace,rate=0.2].auroc_seq_energy	binding minimum across the 7 detectors
D340	chapters/results.tex:471	weakest sequence AUROC on shuffle@0.3 (BLR_all), paper bound '>=0.997'	0.998	0.0005	T0	bench_ood_final/blr_adv/bayes_linear_adv_sweep.json	rows[scheme=shuffle,rate=0.3].auroc_seq_energy	binding minimum across the 7 detectors
D341	chapters/results.tex:473	falseinfo sequence band low end @0.05 (BLR)	0.55	0.005	T0	bench_ood_final/blr/bayes_linear_sweep.json	rows[scheme=falseinfo,rate=0.05].auroc_seq_energy	range 0.55-0.68
D342	chapters/results.tex:473	falseinfo sequence band high end @0.05 (GPT-2 NLL)	0.68	0.005	T0	bench_ood_final/gpt2_nll/gpt2_nll_sweep.json	rows[scheme=falseinfo,rate=0.05].auroc_seq_se	range 0.55-0.68
D343	chapters/results.tex:474	BLR_fi falseinfo word-max, low end of the 0.80-0.81 plateau (@0.5)	0.8	0.005	T0	bench_ood_final/blr_fi/bayes_linear_fi_sweep.json	rows[scheme=falseinfo,rate=0.5].auroc_word_max	flat up to rate 0.7
D344	chapters/results.tex:474	BLR_fi falseinfo word-max, high end of the plateau (@0.15)	0.81	0.005	T0	bench_ood_final/blr_fi/bayes_linear_fi_sweep.json	rows[scheme=falseinfo,rate=0.15].auroc_word_max	flat up to rate 0.7
D345	chapters/results.tex:474	NLL falseinfo word-max @0.05	0.796	0.0005	T0	bench_ood_final/nll/denoiser_nll_sweep.json	rows[scheme=falseinfo,rate=0.05].auroc_word_max	declines to 0.616
D346	chapters/results.tex:474	NLL falseinfo word-max @1.0	0.616	0.0005	T0	bench_ood_final/nll/denoiser_nll_sweep.json	rows[scheme=falseinfo,rate=1.0].auroc_word_max	declines from 0.796
D347	chapters/results.tex:474	GPT-2 NLL falseinfo word-max @0.05	0.885	0.0005	T0	bench_ood_final/gpt2_nll/gpt2_nll_sweep.json	rows[scheme=falseinfo,rate=0.05].auroc_word_max	declines to 0.765
D348	chapters/results.tex:474	GPT-2 NLL falseinfo word-max @1.0	0.765	0.0005	T0	bench_ood_final/gpt2_nll/gpt2_nll_sweep.json	rows[scheme=falseinfo,rate=1.0].auroc_word_max	declines from 0.885
D349	chapters/results.tex:479	GPT-2 NLL falseinfo sequence AUROC @0.15	0.893	0.0005	T0	bench_ood_final/gpt2_nll/gpt2_nll_sweep.json	rows[scheme=falseinfo,rate=0.15].auroc_seq_se	baseline leads triage
D350	chapters/results.tex:479	BLR_fi falseinfo sequence AUROC @0.15	0.749	0.0005	T0	bench_ood_final/blr_fi/bayes_linear_fi_sweep.json	rows[scheme=falseinfo,rate=0.15].auroc_seq_energy	our best on this axis
D351	chapters/results.tex:479	GPT-2 NLL falseinfo word-max @0.15	0.853	0.0005	T0	bench_ood_final/gpt2_nll/gpt2_nll_sweep.json	rows[scheme=falseinfo,rate=0.15].auroc_word_max	
D352	chapters/results.tex:479	BLR_fi falseinfo word-max @0.15	0.812	0.0005	T0	bench_ood_final/blr_fi/bayes_linear_fi_sweep.json	rows[scheme=falseinfo,rate=0.15].auroc_word_max	
D353	chapters/results.tex:482	NLL falseinfo sequence AUROC @0.15	0.727	0.0005	T0	bench_ood_final/nll/denoiser_nll_sweep.json	rows[scheme=falseinfo,rate=0.15].auroc_seq_nll	training-free comparator
D354	chapters/results.tex:482	BLR_fi falseinfo word-max @1.0	0.83	0.0005	T0	bench_ood_final/blr_fi/bayes_linear_fi_sweep.json	rows[scheme=falseinfo,rate=1.0].auroc_word_max	parting at full corruption
D355	chapters/results.tex:484	BLR_fi falseinfo word-max @0.5	0.803	0.0005	T0	bench_ood_final/blr_fi/bayes_linear_fi_sweep.json	rows[scheme=falseinfo,rate=0.5].auroc_word_max	overtakes GPT-2 from rate 0.5
D356	chapters/results.tex:484	GPT-2 NLL falseinfo word-max @0.5	0.748	0.0005	T0	bench_ood_final/gpt2_nll/gpt2_nll_sweep.json	rows[scheme=falseinfo,rate=0.5].auroc_word_max	overtaken from rate 0.5
D357	chapters/results.tex:533	plausible-scheme evaluation rate	0.15	0.0005	T0	bench_ood_final/plausible/plausible_swap.json	rate	plausible arm config
D358	chapters/results.tex:533	plausible-scheme sequences, n	64	0.5	T0	bench_ood_final/plausible/plausible_swap.json	n	plausible arm config
D359	chapters/results.tex:533	same-length candidate words per slot	48	0.5	T0	bench_ood_final/plausible/plausible_swap.json	n_cands	fluency-minimising search width
D360	chapters/results.tex:535	mean denoiser NLL at swapped chars, random real word	0.535	0.0005	T0	bench_ood_final/plausible/plausible_swap.json	surprise.random_swapped_mean_nll	
D361	chapters/results.tex:535	mean denoiser NLL at swapped chars, plausible word	0.003	0.0005	T0	bench_ood_final/plausible/plausible_swap.json	surprise.plausible_swapped_mean_nll	below the clean mean
D362	chapters/results.tex:535	mean denoiser NLL over clean text	0.124	0.0005	T0	bench_ood_final/plausible/plausible_swap.json	surprise.clean_mean_nll	
D363	chapters/results.tex:548	plausible sequence band low end (BGMM)	0.43	0.005	T0	bench_ood_final/plausible/plausible_swap.json	rows[detector=BGMM,corruption=plausible].seq_auroc	range 0.43-0.48
D364	chapters/results.tex:548	plausible sequence band high end (NLL)	0.48	0.005	T0	bench_ood_final/plausible/plausible_swap.json	rows[detector=NLL,corruption=plausible].seq_auroc	range 0.43-0.48
D365	chapters/results.tex:557	freq-matched control: LOG_pl token AUROC on plausible	0.78	0.0005	T0	bench_ood_final/plausible_freqmatched/plausible_swap.json	rows[detector=Logistic_plaus,corruption=plausible].token_auroc	frequency-band control
D366	chapters/results.tex:557	freq-matched control: LOG_pl sequence AUROC on plausible	0.64	0.0005	T0	bench_ood_final/plausible_freqmatched/plausible_swap.json	rows[detector=Logistic_plaus,corruption=plausible].seq_auroc	frequency-band control
D367	chapters/results.tex:558	freq-matched control: NLL token AUROC on plausible	0.331	0.0005	T0	bench_ood_final/plausible_freqmatched/plausible_swap.json	rows[detector=NLL,corruption=plausible].token_auroc	inversion blunted but not removed
D368	chapters/results.tex:564	full-dimension probe, plausible sequence AUROC @0.15	0.957	0.0005	T0	bench_ood_final/latent_ladder_plausible/rate_0.15/latent_split.json	per_sequence.plausible.full_dim_linear_auroc	latent-geometry cross-check
D369	chapters/results.tex:564	PC 1-2 probe, plausible sequence AUROC @0.15	0.547	0.0005	T0	bench_ood_final/latent_ladder_plausible/rate_0.15/latent_split.json	per_sequence.plausible.pca_pc12_probe_auroc	latent-geometry cross-check
D370	chapters/results.tex:564	full-dimension probe, plausible token AUROC @0.15	0.975	0.0005	T0	bench_ood_final/latent_ladder_plausible/rate_0.15/latent_split.json	per_token.plausible.full_dim_linear_auroc	latent-geometry cross-check
D371	chapters/results.tex:564	PC 1-2 probe, plausible token AUROC @0.15	0.593	0.0005	T0	bench_ood_final/latent_ladder_plausible/rate_0.15/latent_split.json	per_token.plausible.pca_pc12_probe_auroc	latent-geometry cross-check
D372	chapters/results.tex:603	GPT-2 SE oracle word F1* on replace (band 0.78-0.79)	0.787	0.0005	T0	bench_ood_final/gpt2_se/gpt2_spilled_energy_sweep.json	rows[scheme=replace,rate=0.15].word_max.word.f1_best	ceiling band
D373	chapters/results.tex:603	GPT-2 NLL oracle word F1* on replace (band 0.78-0.79)	0.782	0.0005	T0	bench_ood_final/gpt2_nll/gpt2_nll_sweep.json	rows[scheme=replace,rate=0.15].word_max.word.f1_best	ceiling band
D374	chapters/results.tex:605	NLL shuffle word F1 @5%-FPR	0.818	0.0005	T0	bench_ood_final/nll/denoiser_nll_sweep.json	rows[scheme=shuffle,rate=0.15].word_max.word.prf[0.05].f1	pointer uses literal-key brackets (check_claims.py grammar extension 2026-08-20); was WEAK, see finding D-F1
D375	chapters/results.tex:605	GPT-2 NLL shuffle word F1 @5%-FPR (baseline max)	0.312	0.0005	T0	bench_ood_final/gpt2_nll/gpt2_nll_sweep.json	rows[scheme=shuffle,rate=0.15].word_max.word.prf[0.05].f1	pointer uses literal-key brackets (check_claims.py grammar extension 2026-08-20); was WEAK, see finding D-F1
D376	chapters/results.tex:606	weakest sequence F1 on replace@0.15 (BLR_fi), paper bound 'at least 0.89'	0.895	0.0005	T0	bench_ood_final/blr_fi/bayes_linear_fi_sweep.json	rows[scheme=replace,rate=0.15].prf_seq.prf[0.05].f1	pointer uses literal-key brackets (check_claims.py grammar extension 2026-08-20); was WEAK, see finding D-F1
D377	chapters/results.tex:606	strongest sequence F1 on replace@0.15 (NLL/GPT-2)	0.975	0.0005	T0	bench_ood_final/nll/denoiser_nll_sweep.json	rows[scheme=replace,rate=0.15].prf_seq.prf[0.05].f1	pointer uses literal-key brackets (check_claims.py grammar extension 2026-08-20); was WEAK, see finding D-F1
D378	chapters/results.tex:611	GPT-2 NLL oracle word F1* on falseinfo	0.491	0.0005	T0	bench_ood_final/gpt2_nll/gpt2_nll_sweep.json	rows[scheme=falseinfo,rate=0.15].word_max.word.f1_best	baseline's attainable ceiling
D379	chapters/results.tex:611	BLR_fi oracle word F1* on falseinfo	0.45	0.0005	T0	bench_ood_final/blr_fi/bayes_linear_fi_sweep.json	rows[scheme=falseinfo,rate=0.15].word_max.word.f1_best	our ceiling
D380	chapters/results.tex:613	our best falseinfo sequence F1 @5%-FPR (NLL)	0.224	0.0005	T0	bench_ood_final/nll/denoiser_nll_sweep.json	rows[scheme=falseinfo,rate=0.15].prf_seq.prf[0.05].f1	pointer uses literal-key brackets (check_claims.py grammar extension 2026-08-20); was WEAK, see finding D-F1
D381	chapters/results.tex:613	GPT-2 best falseinfo sequence F1 @5%-FPR (GPT-2 NLL)	0.48	0.0005	T0	bench_ood_final/gpt2_nll/gpt2_nll_sweep.json	rows[scheme=falseinfo,rate=0.15].prf_seq.prf[0.05].f1	pointer uses literal-key brackets (check_claims.py grammar extension 2026-08-20); was WEAK, see finding D-F1
D382	chapters/results.tex:613	falseinfo sequence oracle F1* band low end (BLR)	0.68	0.005	T0	bench_ood_final/blr/bayes_linear_sweep.json	rows[scheme=falseinfo,rate=0.15].prf_seq.f1_best	band 0.68-0.86
D383	chapters/results.tex:613	falseinfo sequence oracle F1* band high end (GPT-2 NLL)	0.86	0.005	T0	bench_ood_final/gpt2_nll/gpt2_nll_sweep.json	rows[scheme=falseinfo,rate=0.15].prf_seq.f1_best	band 0.68-0.86
D384	chapters/results.tex:614	per-word swap prevalence on falseinfo@0.15 (paper: 14%)	0.14	0.0005	T0	bench_ood_final/nll/denoiser_nll_sweep.json	rows[scheme=falseinfo,rate=0.15].word_max.word.prevalence	
D385	chapters/results.tex:655	transfer track sequences per domain, n	128	0.5	T0	bench_ood_final/transfer/semaglutide_transfer_gpt2.json	n	refit head
D386	chapters/results.tex:655	transfer track evaluation rate	0.15	0.0005	T0	bench_ood_final/transfer/semaglutide_transfer_gpt2.json	rate	refit head
D387	chapters/results.tex:404	figure colour-scale flag threshold (paper: 0.60)	0.596	0.0005	T0	bench_ood_final/nll/heatmap_examples.json	flag_thr	5%-FPR clean threshold
D388	chapters/results.tex:406	whole-word train-split count of 'cute'	23	0.5	T0	bench_ood_final/nll/heatmap_examples.json	train_word_counts.cute	rare-wording justification
H1	chapters/results.tex:727	heal-synth NLL replace loc F1	0.787	0.0005	T0	bench_heal_final/nll_replace.json	sweep[target_fpr=0.02].loc_f1	tab:heal-synth replace half; FPR 0.02 = least-damaging swept point
H2	chapters/results.tex:727	heal-synth NLL replace fix rate	0.595	0.0005	T0	bench_heal_final/nll_replace.json	sweep[target_fpr=0.02].fix_rate	tab:heal-synth replace half; FPR 0.02 = least-damaging swept point
H3	chapters/results.tex:727	heal-synth NLL replace damage rate	0.029	0.0005	T0	bench_heal_final/nll_replace.json	sweep[target_fpr=0.02].damage_rate	tab:heal-synth replace half; FPR 0.02 = least-damaging swept point
H4	chapters/results.tex:727	heal-synth NLL replace net/corrupt	0.432	0.0005	T0	bench_heal_final/nll_replace.json	sweep[target_fpr=0.02].net_per_corrupt	tab:heal-synth replace half; FPR 0.02 = least-damaging swept point
H5	chapters/results.tex:727	heal-synth NLL falseinfo loc F1	0.142	0.0005	T0	bench_heal_final/nll_falseinfo.json	sweep[target_fpr=0.02].loc_f1	tab:heal-synth false-info half; FPR 0.02 (paper rule), NOT the file's selected_fpr
H6	chapters/results.tex:727	heal-synth NLL falseinfo fix rate	0.018	0.0005	T0	bench_heal_final/nll_falseinfo.json	sweep[target_fpr=0.02].fix_rate	tab:heal-synth false-info half; FPR 0.02 (paper rule), NOT the file's selected_fpr
H7	chapters/results.tex:727	heal-synth NLL falseinfo damage rate	0.020	0.0005	T0	bench_heal_final/nll_falseinfo.json	sweep[target_fpr=0.02].damage_rate	tab:heal-synth false-info half; FPR 0.02 (paper rule), NOT the file's selected_fpr
H8	chapters/results.tex:727	heal-synth NLL falseinfo net/corrupt	-0.146	0.0005	T0	bench_heal_final/nll_falseinfo.json	sweep[target_fpr=0.02].net_per_corrupt	tab:heal-synth false-info half; FPR 0.02 (paper rule), NOT the file's selected_fpr
H9	chapters/results.tex:728	heal-synth BLR replace loc F1	0.699	0.0005	T0	bench_heal_final/blr_replace.json	sweep[target_fpr=0.02].loc_f1	tab:heal-synth replace half; FPR 0.02 = least-damaging swept point
H10	chapters/results.tex:728	heal-synth BLR replace fix rate	0.510	0.0005	T0	bench_heal_final/blr_replace.json	sweep[target_fpr=0.02].fix_rate	tab:heal-synth replace half; FPR 0.02 = least-damaging swept point
H11	chapters/results.tex:728	heal-synth BLR replace damage rate	0.046	0.0005	T0	bench_heal_final/blr_replace.json	sweep[target_fpr=0.02].damage_rate	tab:heal-synth replace half; FPR 0.02 = least-damaging swept point
H12	chapters/results.tex:728	heal-synth BLR replace net/corrupt	0.252	0.0005	T0	bench_heal_final/blr_replace.json	sweep[target_fpr=0.02].net_per_corrupt	tab:heal-synth replace half; FPR 0.02 = least-damaging swept point
H13	chapters/results.tex:728	heal-synth BLR falseinfo loc F1	0.109	0.0005	T0	bench_heal_final/blr_falseinfo.json	sweep[target_fpr=0.02].loc_f1	tab:heal-synth false-info half; FPR 0.02 (paper rule), NOT the file's selected_fpr
H14	chapters/results.tex:728	heal-synth BLR falseinfo fix rate	0.012	0.0005	T0	bench_heal_final/blr_falseinfo.json	sweep[target_fpr=0.02].fix_rate	tab:heal-synth false-info half; FPR 0.02 (paper rule), NOT the file's selected_fpr
H15	chapters/results.tex:728	heal-synth BLR falseinfo damage rate	0.017	0.0005	T0	bench_heal_final/blr_falseinfo.json	sweep[target_fpr=0.02].damage_rate	tab:heal-synth false-info half; FPR 0.02 (paper rule), NOT the file's selected_fpr
H16	chapters/results.tex:728	heal-synth BLR falseinfo net/corrupt	-0.122	0.0005	T0	bench_heal_final/blr_falseinfo.json	sweep[target_fpr=0.02].net_per_corrupt	tab:heal-synth false-info half; FPR 0.02 (paper rule), NOT the file's selected_fpr
H17	chapters/results.tex:729	heal-synth BGMM replace loc F1	0.504	0.0005	T0	bench_heal_final/bgmm_replace.json	sweep[target_fpr=0.02].loc_f1	tab:heal-synth replace half; FPR 0.02 = least-damaging swept point
H18	chapters/results.tex:729	heal-synth BGMM replace fix rate	0.337	0.0005	T0	bench_heal_final/bgmm_replace.json	sweep[target_fpr=0.02].fix_rate	tab:heal-synth replace half; FPR 0.02 = least-damaging swept point
H19	chapters/results.tex:729	heal-synth BGMM replace damage rate	0.026	0.0005	T0	bench_heal_final/bgmm_replace.json	sweep[target_fpr=0.02].damage_rate	tab:heal-synth replace half; FPR 0.02 = least-damaging swept point
H20	chapters/results.tex:729	heal-synth BGMM replace net/corrupt	0.191	0.0005	T0	bench_heal_final/bgmm_replace.json	sweep[target_fpr=0.02].net_per_corrupt	tab:heal-synth replace half; FPR 0.02 = least-damaging swept point
H21	chapters/results.tex:729	heal-synth BGMM falseinfo loc F1	0.061	0.0005	T0	bench_heal_final/bgmm_falseinfo.json	sweep[target_fpr=0.02].loc_f1	tab:heal-synth false-info half; FPR 0.02 (paper rule), NOT the file's selected_fpr
H22	chapters/results.tex:729	heal-synth BGMM falseinfo fix rate	0.005	0.0005	T0	bench_heal_final/bgmm_falseinfo.json	sweep[target_fpr=0.02].fix_rate	tab:heal-synth false-info half; FPR 0.02 (paper rule), NOT the file's selected_fpr
H23	chapters/results.tex:729	heal-synth BGMM falseinfo damage rate	0.009	0.0005	T0	bench_heal_final/bgmm_falseinfo.json	sweep[target_fpr=0.02].damage_rate	tab:heal-synth false-info half; FPR 0.02 (paper rule), NOT the file's selected_fpr
H24	chapters/results.tex:729	heal-synth BGMM falseinfo net/corrupt	-0.070	0.0005	T0	bench_heal_final/bgmm_falseinfo.json	sweep[target_fpr=0.02].net_per_corrupt	tab:heal-synth false-info half; FPR 0.02 (paper rule), NOT the file's selected_fpr
H25	chapters/results.tex:715	heal-synth caption corruption rate	0.15	0.005	T0	bench_heal_final/nll_replace.json	corrupt_rate	identical in all 6 synthetic arms
H26	chapters/results.tex:715	heal-synth caption n_demo	64	0.5	T0	bench_heal_final/nll_replace.json	n_demo	identical in all 6 synthetic arms
H27	chapters/results.tex:715	heal-synth caption seeds	3	0.5	T0	bench_heal_final/nll_replace.json	n_seeds	counts pooled over the 3 corruption seeds
H28	chapters/results.tex:710	operating-point ladder, NLL replace: corrupt chars flagged @FPR 0.02	0.764	0.0005	T0	bench_heal_final/nll_replace.json	sweep[target_fpr=0.02].loc_recall	prose-only, in no table
H29	chapters/results.tex:710	operating-point ladder, NLL replace: corrupt chars flagged @FPR 0.05	0.914	0.0005	T0	bench_heal_final/nll_replace.json	sweep[target_fpr=0.05].loc_recall	prose-only, in no table
H30	chapters/results.tex:710	operating-point ladder, NLL replace: corrupt chars flagged @FPR 0.10	0.968	0.0005	T0	bench_heal_final/nll_replace.json	sweep[target_fpr=0.1].loc_recall	prose-only, in no table
H31	chapters/results.tex:710	operating-point ladder, NLL replace: damage rate @FPR 0.05	0.110	0.0005	T0	bench_heal_final/nll_replace.json	sweep[target_fpr=0.05].damage_rate	prose-only, in no table
H32	chapters/results.tex:710	operating-point ladder, NLL replace: damage rate @FPR 0.10	0.225	0.0005	T0	bench_heal_final/nll_replace.json	sweep[target_fpr=0.1].damage_rate	prose-only, in no table
H33	chapters/results.tex:710	operating-point ladder, NLL replace: net/corrupt @FPR 0.05	-0.042	0.0005	T0	bench_heal_final/nll_replace.json	sweep[target_fpr=0.05].net_per_corrupt	prose-only, in no table
H34	chapters/results.tex:710	operating-point ladder, NLL replace: net/corrupt @FPR 0.10	-0.822	0.0005	T0	bench_heal_final/nll_replace.json	sweep[target_fpr=0.1].net_per_corrupt	prose-only, in no table
H35	chapters/results.tex:798	heal-insulin NLL track A loc F1	0.778	0.0005	T0	heal_poc_insulin_final/heal_insulin_poc.json	track_A_sweep[target_fpr=0.02].loc_f1	real Wikipedia insulin article, deliberately in-distribution
H36	chapters/results.tex:798	heal-insulin NLL track A fix rate	0.587	0.0005	T0	heal_poc_insulin_final/heal_insulin_poc.json	track_A_sweep[target_fpr=0.02].fix_rate	real Wikipedia insulin article, deliberately in-distribution
H37	chapters/results.tex:798	heal-insulin NLL track A damage rate	0.037	0.0005	T0	heal_poc_insulin_final/heal_insulin_poc.json	track_A_sweep[target_fpr=0.02].damage_rate	real Wikipedia insulin article, deliberately in-distribution
H38	chapters/results.tex:798	heal-insulin NLL track A net/corrupt	0.377	0.0005	T0	heal_poc_insulin_final/heal_insulin_poc.json	track_A_sweep[target_fpr=0.02].net_per_corrupt	real Wikipedia insulin article, deliberately in-distribution
H39	chapters/results.tex:798	heal-insulin NLL track C loc F1	0.291	0.0005	T0	heal_poc_insulin_final/heal_insulin_poc.json	track_C_sweep[target_fpr=0.02].loc_f1	real Wikipedia insulin article, deliberately in-distribution
H40	chapters/results.tex:798	heal-insulin NLL track C fix rate	0.034	0.0005	T0	heal_poc_insulin_final/heal_insulin_poc.json	track_C_sweep[target_fpr=0.02].fix_rate	real Wikipedia insulin article, deliberately in-distribution
H41	chapters/results.tex:798	heal-insulin NLL track C damage rate	0.018	0.0005	T0	heal_poc_insulin_final/heal_insulin_poc.json	track_C_sweep[target_fpr=0.02].damage_rate	real Wikipedia insulin article, deliberately in-distribution
H42	chapters/results.tex:798	heal-insulin NLL track C net/corrupt	-0.106	0.0005	T0	heal_poc_insulin_final/heal_insulin_poc.json	track_C_sweep[target_fpr=0.02].net_per_corrupt	real Wikipedia insulin article, deliberately in-distribution
H43	chapters/results.tex:799	heal-insulin BGMM track A loc F1	0.443	0.0005	T0	heal_poc_insulin_final/heal_insulin_poc_bgmm.json	track_A_sweep[target_fpr=0.02].loc_f1	real Wikipedia insulin article, deliberately in-distribution
H44	chapters/results.tex:799	heal-insulin BGMM track A fix rate	0.261	0.0005	T0	heal_poc_insulin_final/heal_insulin_poc_bgmm.json	track_A_sweep[target_fpr=0.02].fix_rate	real Wikipedia insulin article, deliberately in-distribution
H45	chapters/results.tex:799	heal-insulin BGMM track A damage rate	0.026	0.0005	T0	heal_poc_insulin_final/heal_insulin_poc_bgmm.json	track_A_sweep[target_fpr=0.02].damage_rate	real Wikipedia insulin article, deliberately in-distribution
H46	chapters/results.tex:799	heal-insulin BGMM track A net/corrupt	0.117	0.0005	T0	heal_poc_insulin_final/heal_insulin_poc_bgmm.json	track_A_sweep[target_fpr=0.02].net_per_corrupt	real Wikipedia insulin article, deliberately in-distribution
H47	chapters/results.tex:799	heal-insulin BGMM track C loc F1	0.117	0.0005	T0	heal_poc_insulin_final/heal_insulin_poc_bgmm.json	track_C_sweep[target_fpr=0.02].loc_f1	real Wikipedia insulin article, deliberately in-distribution
H48	chapters/results.tex:799	heal-insulin BGMM track C fix rate	0.007	0.0005	T0	heal_poc_insulin_final/heal_insulin_poc_bgmm.json	track_C_sweep[target_fpr=0.02].fix_rate	real Wikipedia insulin article, deliberately in-distribution
H49	chapters/results.tex:799	heal-insulin BGMM track C damage rate	0.007	0.0005	T0	heal_poc_insulin_final/heal_insulin_poc_bgmm.json	track_C_sweep[target_fpr=0.02].damage_rate	real Wikipedia insulin article, deliberately in-distribution
H50	chapters/results.tex:799	heal-insulin BGMM track C net/corrupt	-0.047	0.0005	T0	heal_poc_insulin_final/heal_insulin_poc_bgmm.json	track_C_sweep[target_fpr=0.02].net_per_corrupt	real Wikipedia insulin article, deliberately in-distribution
H51	chapters/results.tex:787	heal-insulin caption corruption rate	0.15	0.005	T0	heal_poc_insulin_final/heal_insulin_poc.json	corrupt_rate	
H52	chapters/results.tex:787	heal-insulin caption n_demo	32	0.5	T0	heal_poc_insulin_final/heal_insulin_poc.json	n_demo	also the lower end of the n=32-128 range at results.tex:830
H53	chapters/results.tex:787	heal-insulin caption seeds	3	0.5	T0	heal_poc_insulin_final/heal_insulin_poc.json	n_seeds	
H54	chapters/results.tex:761	whole-word 'insulin' count in the text8 TRAIN split	347	0.5	T1	runs/text8_unigram_stats.json	word_counts_train.insulin	was docstring-only (scripts/heal_protein_poc.py:8); artifact added 2026-08-20 by scripts/dump_text8_unigram_stats.py
X1	appendix/appendix.tex:35	||x1||, data radius of a smoothed one-hot clr window	12.27	0.005	T0	runs/compu_mse_det/native_radius.json	data_radius	also L70,L72,L75; analytic for K=27 eps=1e-4, equals the measured data radius
X2	appendix/appendix.tex:70	ln p(true char) at gamma=0.05 before descent (paper prints exp = 0.067)	-2.706	0.008	T0	runs/compu_mse_det/native_radius.json	rows[alpha=0.95].logp_true_pre	also L46 'as low as 0.067'; artifact stores log, paper prints probability
X3	appendix/appendix.tex:70	ln p(true char) at gamma=0.05 after descent (paper prints exp = 0.993, '0.99 or better')	-0.0068	0.0008	T0	runs/compu_mse_det/native_radius.json	rows[alpha=0.95].logp_true_post	also L46 'to 0.99 or better'
X4	appendix/appendix.tex:71	ln p(true char) at gamma=0 after descent (paper prints exp = 1.1e-5)	-11.453	0.045	T0	runs/compu_mse_det/native_radius.json	rows[alpha=1.0].logp_true_post	sharp one-hot on the WRONG character at the source
X5	appendix/appendix.tex:63	ln p(true char) of the raw interpolant at gamma=0.5 (paper prints CE 0.049 = -ln p, and 95% mass = exp)	-0.0489	0.0005	T0	runs/compu_mse_det/native_radius.json	rows[alpha=0.5].logp_true_pre	one artifact value carries both the '95% of its mass' and the '0.049' claim
X6	appendix/appendix.tex:71	token accuracy after descent at gamma=0	0.082	0.0005	T0	runs/compu_mse_det/recovery_native_path.json	rows[gamma=0.0].token_acc	unigram chance
X7	appendix/appendix.tex:71	token accuracy of the input at gamma=0	0.038	0.0005	T0	runs/compu_mse_det/recovery_native_path.json	rows[gamma=0.0].token_acc_perturbed	uniform chance
X9	appendix/appendix.tex:74	token accuracy of the input at gamma=0.03 (paper prints 4.7% wrong)	0.953	0.0005	T0	runs/compu_mse_det/recovery_native_path_fine.json	rows[gamma=0.03].token_acc_perturbed	1-0.953125
X10	appendix/appendix.tex:74	token accuracy after descent at gamma=0.03 (paper prints 5.3% wrong)	0.947	0.0005	T0	runs/compu_mse_det/recovery_native_path_fine.json	rows[gamma=0.03].token_acc	descent makes it worse, 1-0.946582
X11	appendix/appendix.tex:74	token accuracy of the input at gamma=0.04 (paper prints 0.3% wrong)	0.997	0.0005	T0	runs/compu_mse_det/recovery_native_path_fine.json	rows[gamma=0.04].token_acc_perturbed	
X12	appendix/appendix.tex:74	token accuracy after descent at gamma=0.04 (paper prints 0.5% wrong)	0.995	0.0005	T0	runs/compu_mse_det/recovery_native_path_fine.json	rows[gamma=0.04].token_acc	
X13	appendix/appendix.tex:61	KL_uni, fixed-interpolant x deterministic clr (collapse cell)	0.031	0.0005	T1	runs/compu_matched_summary.json	compu_mse_det.KL_uni	restates tab:ablation2x2 results.tex:307; traced here because the appendix argues from it
X14	appendix/appendix.tex:61	KL_uni, denoising score matching x deterministic clr (escape cell)	0.285	0.0005	T1	runs/dsmx_summary.json	dsmx_clr_det.KL_uni	restates tab:ablation2x2 results.tex:307
X15	appendix/appendix.tex:63	auxiliary token-CE at the end of the first epoch	0.0008	5e-05	T0	runs/compu_mse_det/history.jsonl	*	JSONL not JSON: no resolvable pointer. First record ce=8.014e-4, later records 9.6e-5 ('never rises again')
X16	appendix/appendix.tex:75	alpha-sweep recovery gain, lower end over the three EqM benchmark arms	-0.009	0.0005	T1	runs/sflm_bench_a100_20g_L256/EqMAE/recovery.json	rows[alpha=0.5].delta	min over 15 cells (3 arms x 5 alphas) = -0.0087; dir EqMAE = the 'EqM, VAE latent' row of tab:gen
X17	appendix/appendix.tex:75	alpha-sweep recovery gain, upper end over the three EqM benchmark arms	0.005	0.0005	T1	runs/sflm_bench_a100_20g_L256/EqM/recovery.json	rows[alpha=1.0].delta	max over the same 15 cells = +0.0046; dir EqM = the 'EqM, Dirichlet-thickened' row of tab:gen, NOT the deterministic-clr arm (that is dir EqM_OneHot)
X18	appendix/appendix.tex:98	KL_bi, EqM dev-scale 5-epoch baseline	1.99	0.005	T1	runs/baseline_5ep/eval.json	bigram_kl	start of the epoch-scaling ladder
X19	appendix/appendix.tex:98	KL_bi, 25 epochs (five-fold epoch scaling)	1.65	0.005	T1	runs/ep25_default/eval.json	bigram_kl	paper's 17% improvement is derived from X18/X19
X20	appendix/appendix.tex:98	KL_bi, 50k windows x 5 epochs (five-fold data scaling)	1.38	0.005	T1	runs/data_50k_ep5/eval.json	bigram_kl	also the '1.38 unconditioned' of L104; paper's further 16% is derived from X19/X20
X21	appendix/appendix.tex:98	KL_bi, 50k windows x 10 epochs (more passes regress it)	1.56	0.005	T1	runs/data_50k_ep10/eval.json	bigram_kl	
X22	appendix/appendix.tex:98	KL_bi, 200k windows x 2 epochs (undertrained per position)	2.48	0.005	T1	runs/data_200k_ep2/eval.json	bigram_kl	
X23	appendix/appendix.tex:99	KL_bi, 3.4x larger backbone (d_model 1536, 12 layers)	1.6	0.005	T1	runs/bb_d1536_l12_data50k/eval.json	bigram_kl	
X24	appendix/appendix.tex:99	KL_uni, 3.4x larger backbone ('markedly worse on the unigram')	0.0807	5e-05	T1	runs/bb_d1536_l12_data50k/eval.json	unigram_kl	against 0.0347 for the default backbone at the same data budget
X25	appendix/appendix.tex:99	KL_bi, 100x smaller backbone (d_model 256, 4 layers)	2.14	0.005	T1	runs/bb_d256_l4_data50k/eval.json	bigram_kl	
X26	appendix/appendix.tex:100	KL_bi, Discrete Flow Matching control at the same dev scale	0.148	0.0005	T1	runs/dfm_data50k_ep5/eval.json	bigram_kl	Discrete FM (DFM arm), NOT Dirichlet FM
X27	appendix/appendix.tex:104	KL_bi, best of seven sample times, additive gamma-conditioned EqM	3.35	0.005	T0	RESULTS.md	*	gamma=0.7 row; markdown only, no JSON artifact (see finding F4)
X28	appendix/appendix.tex:171	tab:latent-ladder seq AUROC, replace PC, rate 0.05	0.595	0.0005	T1	bench_ood_final/latent_ladder/rate_0.05/latent_split.json	per_sequence.replace.pca_pc12_probe_auroc	
X29	appendix/appendix.tex:171	tab:latent-ladder seq AUROC, replace axis, rate 0.05	0.904	0.0005	T1	bench_ood_final/latent_ladder/rate_0.05/latent_split.json	per_sequence.replace.lda_axis_auroc	
X30	appendix/appendix.tex:171	tab:latent-ladder seq AUROC, replace full, rate 0.05	0.994	0.0005	T1	bench_ood_final/latent_ladder/rate_0.05/latent_split.json	per_sequence.replace.full_dim_linear_auroc	
X31	appendix/appendix.tex:171	tab:latent-ladder seq AUROC, shuffle PC, rate 0.05	0.604	0.0005	T1	bench_ood_final/latent_ladder/rate_0.05/latent_split.json	per_sequence.shuffle.pca_pc12_probe_auroc	
X32	appendix/appendix.tex:171	tab:latent-ladder seq AUROC, shuffle axis, rate 0.05	0.908	0.0005	T1	bench_ood_final/latent_ladder/rate_0.05/latent_split.json	per_sequence.shuffle.lda_axis_auroc	
X33	appendix/appendix.tex:171	tab:latent-ladder seq AUROC, shuffle full, rate 0.05	0.989	0.0005	T1	bench_ood_final/latent_ladder/rate_0.05/latent_split.json	per_sequence.shuffle.full_dim_linear_auroc	
X34	appendix/appendix.tex:171	tab:latent-ladder seq AUROC, falseinfo PC, rate 0.05	0.521	0.0005	T1	bench_ood_final/latent_ladder/rate_0.05/latent_split.json	per_sequence.falseinfo.pca_pc12_probe_auroc	
X35	appendix/appendix.tex:171	tab:latent-ladder seq AUROC, falseinfo axis, rate 0.05	0.585	0.0005	T1	bench_ood_final/latent_ladder/rate_0.05/latent_split.json	per_sequence.falseinfo.lda_axis_auroc	
X36	appendix/appendix.tex:171	tab:latent-ladder seq AUROC, falseinfo full, rate 0.05	0.771	0.0005	T1	bench_ood_final/latent_ladder/rate_0.05/latent_split.json	per_sequence.falseinfo.full_dim_linear_auroc	
X37	appendix/appendix.tex:172	tab:latent-ladder seq AUROC, replace PC, rate 0.10	0.696	0.0005	T1	bench_ood_final/latent_ladder/rate_0.1/latent_split.json	per_sequence.replace.pca_pc12_probe_auroc	
X38	appendix/appendix.tex:172	tab:latent-ladder seq AUROC, replace axis, rate 0.10	0.986	0.0005	T1	bench_ood_final/latent_ladder/rate_0.1/latent_split.json	per_sequence.replace.lda_axis_auroc	
X39	appendix/appendix.tex:172	tab:latent-ladder seq AUROC, replace full, rate 0.10	1.0	0.0005	T1	bench_ood_final/latent_ladder/rate_0.1/latent_split.json	per_sequence.replace.full_dim_linear_auroc	
X40	appendix/appendix.tex:172	tab:latent-ladder seq AUROC, shuffle PC, rate 0.10	0.689	0.0005	T1	bench_ood_final/latent_ladder/rate_0.1/latent_split.json	per_sequence.shuffle.pca_pc12_probe_auroc	
X41	appendix/appendix.tex:172	tab:latent-ladder seq AUROC, shuffle axis, rate 0.10	0.989	0.0005	T1	bench_ood_final/latent_ladder/rate_0.1/latent_split.json	per_sequence.shuffle.lda_axis_auroc	
X42	appendix/appendix.tex:172	tab:latent-ladder seq AUROC, shuffle full, rate 0.10	1.0	0.0005	T1	bench_ood_final/latent_ladder/rate_0.1/latent_split.json	per_sequence.shuffle.full_dim_linear_auroc	
X43	appendix/appendix.tex:172	tab:latent-ladder seq AUROC, falseinfo PC, rate 0.10	0.525	0.0005	T1	bench_ood_final/latent_ladder/rate_0.1/latent_split.json	per_sequence.falseinfo.pca_pc12_probe_auroc	
X44	appendix/appendix.tex:172	tab:latent-ladder seq AUROC, falseinfo axis, rate 0.10	0.661	0.0005	T1	bench_ood_final/latent_ladder/rate_0.1/latent_split.json	per_sequence.falseinfo.lda_axis_auroc	
X45	appendix/appendix.tex:172	tab:latent-ladder seq AUROC, falseinfo full, rate 0.10	0.868	0.0005	T1	bench_ood_final/latent_ladder/rate_0.1/latent_split.json	per_sequence.falseinfo.full_dim_linear_auroc	
X46	appendix/appendix.tex:173	tab:latent-ladder seq AUROC, replace PC, rate 0.15	0.785	0.0005	T1	bench_ood_final/latent_ladder/rate_0.15/latent_split.json	per_sequence.replace.pca_pc12_probe_auroc	
X47	appendix/appendix.tex:173	tab:latent-ladder seq AUROC, replace axis, rate 0.15	1.0	0.0005	T1	bench_ood_final/latent_ladder/rate_0.15/latent_split.json	per_sequence.replace.lda_axis_auroc	
X48	appendix/appendix.tex:173	tab:latent-ladder seq AUROC, replace full, rate 0.15	1.0	0.0005	T1	bench_ood_final/latent_ladder/rate_0.15/latent_split.json	per_sequence.replace.full_dim_linear_auroc	
X49	appendix/appendix.tex:173	tab:latent-ladder seq AUROC, shuffle PC, rate 0.15	0.774	0.0005	T1	bench_ood_final/latent_ladder/rate_0.15/latent_split.json	per_sequence.shuffle.pca_pc12_probe_auroc	
X50	appendix/appendix.tex:173	tab:latent-ladder seq AUROC, shuffle axis, rate 0.15	0.999	0.0005	T1	bench_ood_final/latent_ladder/rate_0.15/latent_split.json	per_sequence.shuffle.lda_axis_auroc	
X51	appendix/appendix.tex:173	tab:latent-ladder seq AUROC, shuffle full, rate 0.15	1.0	0.0005	T1	bench_ood_final/latent_ladder/rate_0.15/latent_split.json	per_sequence.shuffle.full_dim_linear_auroc	
X52	appendix/appendix.tex:173	tab:latent-ladder seq AUROC, falseinfo PC, rate 0.15	0.547	0.0005	T1	bench_ood_final/latent_ladder/rate_0.15/latent_split.json	per_sequence.falseinfo.pca_pc12_probe_auroc	
X53	appendix/appendix.tex:173	tab:latent-ladder seq AUROC, falseinfo axis, rate 0.15	0.762	0.0005	T1	bench_ood_final/latent_ladder/rate_0.15/latent_split.json	per_sequence.falseinfo.lda_axis_auroc	
X54	appendix/appendix.tex:173	tab:latent-ladder seq AUROC, falseinfo full, rate 0.15	0.937	0.0005	T1	bench_ood_final/latent_ladder/rate_0.15/latent_split.json	per_sequence.falseinfo.full_dim_linear_auroc	
X55	appendix/appendix.tex:174	tab:latent-ladder seq AUROC, replace PC, rate 0.20	0.851	0.0005	T1	bench_ood_final/latent_ladder/rate_0.2/latent_split.json	per_sequence.replace.pca_pc12_probe_auroc	
X56	appendix/appendix.tex:174	tab:latent-ladder seq AUROC, replace axis, rate 0.20	1.0	0.0005	T1	bench_ood_final/latent_ladder/rate_0.2/latent_split.json	per_sequence.replace.lda_axis_auroc	
X57	appendix/appendix.tex:174	tab:latent-ladder seq AUROC, replace full, rate 0.20	1.0	0.0005	T1	bench_ood_final/latent_ladder/rate_0.2/latent_split.json	per_sequence.replace.full_dim_linear_auroc	
X58	appendix/appendix.tex:174	tab:latent-ladder seq AUROC, shuffle PC, rate 0.20	0.844	0.0005	T1	bench_ood_final/latent_ladder/rate_0.2/latent_split.json	per_sequence.shuffle.pca_pc12_probe_auroc	
X59	appendix/appendix.tex:174	tab:latent-ladder seq AUROC, shuffle axis, rate 0.20	0.999	0.0005	T1	bench_ood_final/latent_ladder/rate_0.2/latent_split.json	per_sequence.shuffle.lda_axis_auroc	
X60	appendix/appendix.tex:174	tab:latent-ladder seq AUROC, shuffle full, rate 0.20	1.0	0.0005	T1	bench_ood_final/latent_ladder/rate_0.2/latent_split.json	per_sequence.shuffle.full_dim_linear_auroc	
X61	appendix/appendix.tex:174	tab:latent-ladder seq AUROC, falseinfo PC, rate 0.20	0.559	0.0005	T1	bench_ood_final/latent_ladder/rate_0.2/latent_split.json	per_sequence.falseinfo.pca_pc12_probe_auroc	
X62	appendix/appendix.tex:174	tab:latent-ladder seq AUROC, falseinfo axis, rate 0.20	0.823	0.0005	T1	bench_ood_final/latent_ladder/rate_0.2/latent_split.json	per_sequence.falseinfo.lda_axis_auroc	
X63	appendix/appendix.tex:174	tab:latent-ladder seq AUROC, falseinfo full, rate 0.20	0.959	0.0005	T1	bench_ood_final/latent_ladder/rate_0.2/latent_split.json	per_sequence.falseinfo.full_dim_linear_auroc	
X64	appendix/appendix.tex:175	tab:latent-ladder seq AUROC, replace PC, rate 0.25	0.901	0.0005	T1	bench_ood_final/latent_ladder/rate_0.25/latent_split.json	per_sequence.replace.pca_pc12_probe_auroc	
X65	appendix/appendix.tex:175	tab:latent-ladder seq AUROC, replace axis, rate 0.25	1.0	0.0005	T1	bench_ood_final/latent_ladder/rate_0.25/latent_split.json	per_sequence.replace.lda_axis_auroc	
X66	appendix/appendix.tex:175	tab:latent-ladder seq AUROC, replace full, rate 0.25	1.0	0.0005	T1	bench_ood_final/latent_ladder/rate_0.25/latent_split.json	per_sequence.replace.full_dim_linear_auroc	
X67	appendix/appendix.tex:175	tab:latent-ladder seq AUROC, shuffle PC, rate 0.25	0.885	0.0005	T1	bench_ood_final/latent_ladder/rate_0.25/latent_split.json	per_sequence.shuffle.pca_pc12_probe_auroc	
X68	appendix/appendix.tex:175	tab:latent-ladder seq AUROC, shuffle axis, rate 0.25	1.0	0.0005	T1	bench_ood_final/latent_ladder/rate_0.25/latent_split.json	per_sequence.shuffle.lda_axis_auroc	
X69	appendix/appendix.tex:175	tab:latent-ladder seq AUROC, shuffle full, rate 0.25	1.0	0.0005	T1	bench_ood_final/latent_ladder/rate_0.25/latent_split.json	per_sequence.shuffle.full_dim_linear_auroc	
X70	appendix/appendix.tex:175	tab:latent-ladder seq AUROC, falseinfo PC, rate 0.25	0.577	0.0005	T1	bench_ood_final/latent_ladder/rate_0.25/latent_split.json	per_sequence.falseinfo.pca_pc12_probe_auroc	
X71	appendix/appendix.tex:175	tab:latent-ladder seq AUROC, falseinfo axis, rate 0.25	0.891	0.0005	T1	bench_ood_final/latent_ladder/rate_0.25/latent_split.json	per_sequence.falseinfo.lda_axis_auroc	
X72	appendix/appendix.tex:175	tab:latent-ladder seq AUROC, falseinfo full, rate 0.25	0.982	0.0005	T1	bench_ood_final/latent_ladder/rate_0.25/latent_split.json	per_sequence.falseinfo.full_dim_linear_auroc	
X73	appendix/appendix.tex:176	tab:latent-ladder seq AUROC, replace PC, rate 0.30	0.938	0.0005	T1	bench_ood_final/latent_ladder/rate_0.3/latent_split.json	per_sequence.replace.pca_pc12_probe_auroc	
X74	appendix/appendix.tex:176	tab:latent-ladder seq AUROC, replace axis, rate 0.30	1.0	0.0005	T1	bench_ood_final/latent_ladder/rate_0.3/latent_split.json	per_sequence.replace.lda_axis_auroc	
X75	appendix/appendix.tex:176	tab:latent-ladder seq AUROC, replace full, rate 0.30	1.0	0.0005	T1	bench_ood_final/latent_ladder/rate_0.3/latent_split.json	per_sequence.replace.full_dim_linear_auroc	
X76	appendix/appendix.tex:176	tab:latent-ladder seq AUROC, shuffle PC, rate 0.30	0.922	0.0005	T1	bench_ood_final/latent_ladder/rate_0.3/latent_split.json	per_sequence.shuffle.pca_pc12_probe_auroc	
X77	appendix/appendix.tex:176	tab:latent-ladder seq AUROC, shuffle axis, rate 0.30	1.0	0.0005	T1	bench_ood_final/latent_ladder/rate_0.3/latent_split.json	per_sequence.shuffle.lda_axis_auroc	
X78	appendix/appendix.tex:176	tab:latent-ladder seq AUROC, shuffle full, rate 0.30	1.0	0.0005	T1	bench_ood_final/latent_ladder/rate_0.3/latent_split.json	per_sequence.shuffle.full_dim_linear_auroc	
X79	appendix/appendix.tex:176	tab:latent-ladder seq AUROC, falseinfo PC, rate 0.30	0.594	0.0005	T1	bench_ood_final/latent_ladder/rate_0.3/latent_split.json	per_sequence.falseinfo.pca_pc12_probe_auroc	
X80	appendix/appendix.tex:176	tab:latent-ladder seq AUROC, falseinfo axis, rate 0.30	0.916	0.0005	T1	bench_ood_final/latent_ladder/rate_0.3/latent_split.json	per_sequence.falseinfo.lda_axis_auroc	
X81	appendix/appendix.tex:176	tab:latent-ladder seq AUROC, falseinfo full, rate 0.30	0.991	0.0005	T1	bench_ood_final/latent_ladder/rate_0.3/latent_split.json	per_sequence.falseinfo.full_dim_linear_auroc	
X82	appendix/appendix.tex:177	tab:latent-ladder seq AUROC, replace PC, rate 0.50	0.995	0.0005	T1	bench_ood_final/latent_ladder/rate_0.5/latent_split.json	per_sequence.replace.pca_pc12_probe_auroc	
X83	appendix/appendix.tex:177	tab:latent-ladder seq AUROC, replace axis, rate 0.50	1.0	0.0005	T1	bench_ood_final/latent_ladder/rate_0.5/latent_split.json	per_sequence.replace.lda_axis_auroc	
X84	appendix/appendix.tex:177	tab:latent-ladder seq AUROC, replace full, rate 0.50	1.0	0.0005	T1	bench_ood_final/latent_ladder/rate_0.5/latent_split.json	per_sequence.replace.full_dim_linear_auroc	
X85	appendix/appendix.tex:177	tab:latent-ladder seq AUROC, shuffle PC, rate 0.50	0.989	0.0005	T1	bench_ood_final/latent_ladder/rate_0.5/latent_split.json	per_sequence.shuffle.pca_pc12_probe_auroc	
X86	appendix/appendix.tex:177	tab:latent-ladder seq AUROC, shuffle axis, rate 0.50	1.0	0.0005	T1	bench_ood_final/latent_ladder/rate_0.5/latent_split.json	per_sequence.shuffle.lda_axis_auroc	
X87	appendix/appendix.tex:177	tab:latent-ladder seq AUROC, shuffle full, rate 0.50	1.0	0.0005	T1	bench_ood_final/latent_ladder/rate_0.5/latent_split.json	per_sequence.shuffle.full_dim_linear_auroc	
X88	appendix/appendix.tex:177	tab:latent-ladder seq AUROC, falseinfo PC, rate 0.50	0.642	0.0005	T1	bench_ood_final/latent_ladder/rate_0.5/latent_split.json	per_sequence.falseinfo.pca_pc12_probe_auroc	
X89	appendix/appendix.tex:177	tab:latent-ladder seq AUROC, falseinfo axis, rate 0.50	0.979	0.0005	T1	bench_ood_final/latent_ladder/rate_0.5/latent_split.json	per_sequence.falseinfo.lda_axis_auroc	
X90	appendix/appendix.tex:177	tab:latent-ladder seq AUROC, falseinfo full, rate 0.50	0.997	0.0005	T1	bench_ood_final/latent_ladder/rate_0.5/latent_split.json	per_sequence.falseinfo.full_dim_linear_auroc	
X91	appendix/appendix.tex:178	tab:latent-ladder seq AUROC, replace PC, rate 0.70	0.999	0.0005	T1	bench_ood_final/latent_ladder/rate_0.7/latent_split.json	per_sequence.replace.pca_pc12_probe_auroc	
X92	appendix/appendix.tex:178	tab:latent-ladder seq AUROC, replace axis, rate 0.70	1.0	0.0005	T1	bench_ood_final/latent_ladder/rate_0.7/latent_split.json	per_sequence.replace.lda_axis_auroc	
X93	appendix/appendix.tex:178	tab:latent-ladder seq AUROC, replace full, rate 0.70	1.0	0.0005	T1	bench_ood_final/latent_ladder/rate_0.7/latent_split.json	per_sequence.replace.full_dim_linear_auroc	
X94	appendix/appendix.tex:178	tab:latent-ladder seq AUROC, shuffle PC, rate 0.70	0.998	0.0005	T1	bench_ood_final/latent_ladder/rate_0.7/latent_split.json	per_sequence.shuffle.pca_pc12_probe_auroc	
X95	appendix/appendix.tex:178	tab:latent-ladder seq AUROC, shuffle axis, rate 0.70	1.0	0.0005	T1	bench_ood_final/latent_ladder/rate_0.7/latent_split.json	per_sequence.shuffle.lda_axis_auroc	
X96	appendix/appendix.tex:178	tab:latent-ladder seq AUROC, shuffle full, rate 0.70	1.0	0.0005	T1	bench_ood_final/latent_ladder/rate_0.7/latent_split.json	per_sequence.shuffle.full_dim_linear_auroc	
X97	appendix/appendix.tex:178	tab:latent-ladder seq AUROC, falseinfo PC, rate 0.70	0.685	0.0005	T1	bench_ood_final/latent_ladder/rate_0.7/latent_split.json	per_sequence.falseinfo.pca_pc12_probe_auroc	
X98	appendix/appendix.tex:178	tab:latent-ladder seq AUROC, falseinfo axis, rate 0.70	0.995	0.0005	T1	bench_ood_final/latent_ladder/rate_0.7/latent_split.json	per_sequence.falseinfo.lda_axis_auroc	
X99	appendix/appendix.tex:178	tab:latent-ladder seq AUROC, falseinfo full, rate 0.70	1.0	0.0005	T1	bench_ood_final/latent_ladder/rate_0.7/latent_split.json	per_sequence.falseinfo.full_dim_linear_auroc	
X100	appendix/appendix.tex:179	tab:latent-ladder seq AUROC, replace PC, rate 1.00	0.999	0.0005	T1	bench_ood_final/latent_ladder/rate_1.0/latent_split.json	per_sequence.replace.pca_pc12_probe_auroc	
X101	appendix/appendix.tex:179	tab:latent-ladder seq AUROC, replace axis, rate 1.00	1.0	0.0005	T1	bench_ood_final/latent_ladder/rate_1.0/latent_split.json	per_sequence.replace.lda_axis_auroc	
X102	appendix/appendix.tex:179	tab:latent-ladder seq AUROC, replace full, rate 1.00	1.0	0.0005	T1	bench_ood_final/latent_ladder/rate_1.0/latent_split.json	per_sequence.replace.full_dim_linear_auroc	
X103	appendix/appendix.tex:179	tab:latent-ladder seq AUROC, shuffle PC, rate 1.00	1.0	0.0005	T1	bench_ood_final/latent_ladder/rate_1.0/latent_split.json	per_sequence.shuffle.pca_pc12_probe_auroc	
X104	appendix/appendix.tex:179	tab:latent-ladder seq AUROC, shuffle axis, rate 1.00	1.0	0.0005	T1	bench_ood_final/latent_ladder/rate_1.0/latent_split.json	per_sequence.shuffle.lda_axis_auroc	
X105	appendix/appendix.tex:179	tab:latent-ladder seq AUROC, shuffle full, rate 1.00	1.0	0.0005	T1	bench_ood_final/latent_ladder/rate_1.0/latent_split.json	per_sequence.shuffle.full_dim_linear_auroc	
X106	appendix/appendix.tex:179	tab:latent-ladder seq AUROC, falseinfo PC, rate 1.00	0.72	0.0005	T1	bench_ood_final/latent_ladder/rate_1.0/latent_split.json	per_sequence.falseinfo.pca_pc12_probe_auroc	
X107	appendix/appendix.tex:179	tab:latent-ladder seq AUROC, falseinfo axis, rate 1.00	1.0	0.0005	T1	bench_ood_final/latent_ladder/rate_1.0/latent_split.json	per_sequence.falseinfo.lda_axis_auroc	
X108	appendix/appendix.tex:179	tab:latent-ladder seq AUROC, falseinfo full, rate 1.00	1.0	0.0005	T1	bench_ood_final/latent_ladder/rate_1.0/latent_split.json	per_sequence.falseinfo.full_dim_linear_auroc	
X109	appendix/appendix.tex:182	tab:latent-ladder tok AUROC, replace PC, rate 0.05	0.468	0.0005	T1	bench_ood_final/latent_ladder/rate_0.05/latent_split.json	per_token.replace.pca_pc12_probe_auroc	
X110	appendix/appendix.tex:182	tab:latent-ladder tok AUROC, replace axis, rate 0.05	0.917	0.0005	T1	bench_ood_final/latent_ladder/rate_0.05/latent_split.json	per_token.replace.energy_axis_auroc	
X111	appendix/appendix.tex:182	tab:latent-ladder tok AUROC, replace full, rate 0.05	0.999	0.0005	T1	bench_ood_final/latent_ladder/rate_0.05/latent_split.json	per_token.replace.full_dim_linear_auroc	
X112	appendix/appendix.tex:182	tab:latent-ladder tok AUROC, shuffle PC, rate 0.05	0.491	0.0005	T1	bench_ood_final/latent_ladder/rate_0.05/latent_split.json	per_token.shuffle.pca_pc12_probe_auroc	
X113	appendix/appendix.tex:182	tab:latent-ladder tok AUROC, shuffle axis, rate 0.05	0.919	0.0005	T1	bench_ood_final/latent_ladder/rate_0.05/latent_split.json	per_token.shuffle.energy_axis_auroc	
X114	appendix/appendix.tex:182	tab:latent-ladder tok AUROC, shuffle full, rate 0.05	0.999	0.0005	T1	bench_ood_final/latent_ladder/rate_0.05/latent_split.json	per_token.shuffle.full_dim_linear_auroc	
X115	appendix/appendix.tex:182	tab:latent-ladder tok AUROC, falseinfo PC, rate 0.05	0.569	0.0005	T1	bench_ood_final/latent_ladder/rate_0.05/latent_split.json	per_token.falseinfo.pca_pc12_probe_auroc	
X116	appendix/appendix.tex:182	tab:latent-ladder tok AUROC, falseinfo axis, rate 0.05	0.725	0.0005	T1	bench_ood_final/latent_ladder/rate_0.05/latent_split.json	per_token.falseinfo.energy_axis_auroc	
X117	appendix/appendix.tex:182	tab:latent-ladder tok AUROC, falseinfo full, rate 0.05	0.939	0.0005	T1	bench_ood_final/latent_ladder/rate_0.05/latent_split.json	per_token.falseinfo.full_dim_linear_auroc	
X118	appendix/appendix.tex:183	tab:latent-ladder tok AUROC, replace PC, rate 0.10	0.496	0.0005	T1	bench_ood_final/latent_ladder/rate_0.1/latent_split.json	per_token.replace.pca_pc12_probe_auroc	
X119	appendix/appendix.tex:183	tab:latent-ladder tok AUROC, replace axis, rate 0.10	0.933	0.0005	T1	bench_ood_final/latent_ladder/rate_0.1/latent_split.json	per_token.replace.energy_axis_auroc	
X120	appendix/appendix.tex:183	tab:latent-ladder tok AUROC, replace full, rate 0.10	1.0	0.0005	T1	bench_ood_final/latent_ladder/rate_0.1/latent_split.json	per_token.replace.full_dim_linear_auroc	
X121	appendix/appendix.tex:183	tab:latent-ladder tok AUROC, shuffle PC, rate 0.10	0.457	0.0005	T1	bench_ood_final/latent_ladder/rate_0.1/latent_split.json	per_token.shuffle.pca_pc12_probe_auroc	
X122	appendix/appendix.tex:183	tab:latent-ladder tok AUROC, shuffle axis, rate 0.10	0.928	0.0005	T1	bench_ood_final/latent_ladder/rate_0.1/latent_split.json	per_token.shuffle.energy_axis_auroc	
X123	appendix/appendix.tex:183	tab:latent-ladder tok AUROC, shuffle full, rate 0.10	1.0	0.0005	T1	bench_ood_final/latent_ladder/rate_0.1/latent_split.json	per_token.shuffle.full_dim_linear_auroc	
X124	appendix/appendix.tex:183	tab:latent-ladder tok AUROC, falseinfo PC, rate 0.10	0.567	0.0005	T1	bench_ood_final/latent_ladder/rate_0.1/latent_split.json	per_token.falseinfo.pca_pc12_probe_auroc	
X125	appendix/appendix.tex:183	tab:latent-ladder tok AUROC, falseinfo axis, rate 0.10	0.74	0.0005	T1	bench_ood_final/latent_ladder/rate_0.1/latent_split.json	per_token.falseinfo.energy_axis_auroc	
X126	appendix/appendix.tex:183	tab:latent-ladder tok AUROC, falseinfo full, rate 0.10	0.895	0.0005	T1	bench_ood_final/latent_ladder/rate_0.1/latent_split.json	per_token.falseinfo.full_dim_linear_auroc	
X127	appendix/appendix.tex:184	tab:latent-ladder tok AUROC, replace PC, rate 0.15	0.507	0.0005	T1	bench_ood_final/latent_ladder/rate_0.15/latent_split.json	per_token.replace.pca_pc12_probe_auroc	
X128	appendix/appendix.tex:184	tab:latent-ladder tok AUROC, replace axis, rate 0.15	0.941	0.0005	T1	bench_ood_final/latent_ladder/rate_0.15/latent_split.json	per_token.replace.energy_axis_auroc	
X129	appendix/appendix.tex:184	tab:latent-ladder tok AUROC, replace full, rate 0.15	1.0	0.0005	T1	bench_ood_final/latent_ladder/rate_0.15/latent_split.json	per_token.replace.full_dim_linear_auroc	
X130	appendix/appendix.tex:184	tab:latent-ladder tok AUROC, shuffle PC, rate 0.15	0.445	0.0005	T1	bench_ood_final/latent_ladder/rate_0.15/latent_split.json	per_token.shuffle.pca_pc12_probe_auroc	
X131	appendix/appendix.tex:184	tab:latent-ladder tok AUROC, shuffle axis, rate 0.15	0.939	0.0005	T1	bench_ood_final/latent_ladder/rate_0.15/latent_split.json	per_token.shuffle.energy_axis_auroc	
X132	appendix/appendix.tex:184	tab:latent-ladder tok AUROC, shuffle full, rate 0.15	1.0	0.0005	T1	bench_ood_final/latent_ladder/rate_0.15/latent_split.json	per_token.shuffle.full_dim_linear_auroc	
X133	appendix/appendix.tex:184	tab:latent-ladder tok AUROC, falseinfo PC, rate 0.15	0.568	0.0005	T1	bench_ood_final/latent_ladder/rate_0.15/latent_split.json	per_token.falseinfo.pca_pc12_probe_auroc	
X134	appendix/appendix.tex:184	tab:latent-ladder tok AUROC, falseinfo axis, rate 0.15	0.762	0.0005	T1	bench_ood_final/latent_ladder/rate_0.15/latent_split.json	per_token.falseinfo.energy_axis_auroc	
X135	appendix/appendix.tex:184	tab:latent-ladder tok AUROC, falseinfo full, rate 0.15	0.903	0.0005	T1	bench_ood_final/latent_ladder/rate_0.15/latent_split.json	per_token.falseinfo.full_dim_linear_auroc	
X136	appendix/appendix.tex:185	tab:latent-ladder tok AUROC, replace PC, rate 0.20	0.52	0.0005	T1	bench_ood_final/latent_ladder/rate_0.2/latent_split.json	per_token.replace.pca_pc12_probe_auroc	
X137	appendix/appendix.tex:185	tab:latent-ladder tok AUROC, replace axis, rate 0.20	0.952	0.0005	T1	bench_ood_final/latent_ladder/rate_0.2/latent_split.json	per_token.replace.energy_axis_auroc	
X138	appendix/appendix.tex:185	tab:latent-ladder tok AUROC, replace full, rate 0.20	1.0	0.0005	T1	bench_ood_final/latent_ladder/rate_0.2/latent_split.json	per_token.replace.full_dim_linear_auroc	
X139	appendix/appendix.tex:185	tab:latent-ladder tok AUROC, shuffle PC, rate 0.20	0.494	0.0005	T1	bench_ood_final/latent_ladder/rate_0.2/latent_split.json	per_token.shuffle.pca_pc12_probe_auroc	
X140	appendix/appendix.tex:185	tab:latent-ladder tok AUROC, shuffle axis, rate 0.20	0.951	0.0005	T1	bench_ood_final/latent_ladder/rate_0.2/latent_split.json	per_token.shuffle.energy_axis_auroc	
X141	appendix/appendix.tex:185	tab:latent-ladder tok AUROC, shuffle full, rate 0.20	1.0	0.0005	T1	bench_ood_final/latent_ladder/rate_0.2/latent_split.json	per_token.shuffle.full_dim_linear_auroc	
X142	appendix/appendix.tex:185	tab:latent-ladder tok AUROC, falseinfo PC, rate 0.20	0.571	0.0005	T1	bench_ood_final/latent_ladder/rate_0.2/latent_split.json	per_token.falseinfo.pca_pc12_probe_auroc	
X143	appendix/appendix.tex:185	tab:latent-ladder tok AUROC, falseinfo axis, rate 0.20	0.782	0.0005	T1	bench_ood_final/latent_ladder/rate_0.2/latent_split.json	per_token.falseinfo.energy_axis_auroc	
X144	appendix/appendix.tex:185	tab:latent-ladder tok AUROC, falseinfo full, rate 0.20	0.921	0.0005	T1	bench_ood_final/latent_ladder/rate_0.2/latent_split.json	per_token.falseinfo.full_dim_linear_auroc	
X145	appendix/appendix.tex:186	tab:latent-ladder tok AUROC, replace PC, rate 0.25	0.535	0.0005	T1	bench_ood_final/latent_ladder/rate_0.25/latent_split.json	per_token.replace.pca_pc12_probe_auroc	
X146	appendix/appendix.tex:186	tab:latent-ladder tok AUROC, replace axis, rate 0.25	0.957	0.0005	T1	bench_ood_final/latent_ladder/rate_0.25/latent_split.json	per_token.replace.energy_axis_auroc	
X147	appendix/appendix.tex:186	tab:latent-ladder tok AUROC, replace full, rate 0.25	1.0	0.0005	T1	bench_ood_final/latent_ladder/rate_0.25/latent_split.json	per_token.replace.full_dim_linear_auroc	
X148	appendix/appendix.tex:186	tab:latent-ladder tok AUROC, shuffle PC, rate 0.25	0.491	0.0005	T1	bench_ood_final/latent_ladder/rate_0.25/latent_split.json	per_token.shuffle.pca_pc12_probe_auroc	
X149	appendix/appendix.tex:186	tab:latent-ladder tok AUROC, shuffle axis, rate 0.25	0.958	0.0005	T1	bench_ood_final/latent_ladder/rate_0.25/latent_split.json	per_token.shuffle.energy_axis_auroc	
X150	appendix/appendix.tex:186	tab:latent-ladder tok AUROC, shuffle full, rate 0.25	1.0	0.0005	T1	bench_ood_final/latent_ladder/rate_0.25/latent_split.json	per_token.shuffle.full_dim_linear_auroc	
X151	appendix/appendix.tex:186	tab:latent-ladder tok AUROC, falseinfo PC, rate 0.25	0.554	0.0005	T1	bench_ood_final/latent_ladder/rate_0.25/latent_split.json	per_token.falseinfo.pca_pc12_probe_auroc	
X152	appendix/appendix.tex:186	tab:latent-ladder tok AUROC, falseinfo axis, rate 0.25	0.788	0.0005	T1	bench_ood_final/latent_ladder/rate_0.25/latent_split.json	per_token.falseinfo.energy_axis_auroc	
X153	appendix/appendix.tex:186	tab:latent-ladder tok AUROC, falseinfo full, rate 0.25	0.929	0.0005	T1	bench_ood_final/latent_ladder/rate_0.25/latent_split.json	per_token.falseinfo.full_dim_linear_auroc	
X154	appendix/appendix.tex:187	tab:latent-ladder tok AUROC, replace PC, rate 0.30	0.546	0.0005	T1	bench_ood_final/latent_ladder/rate_0.3/latent_split.json	per_token.replace.pca_pc12_probe_auroc	
X155	appendix/appendix.tex:187	tab:latent-ladder tok AUROC, replace axis, rate 0.30	0.967	0.0005	T1	bench_ood_final/latent_ladder/rate_0.3/latent_split.json	per_token.replace.energy_axis_auroc	
X156	appendix/appendix.tex:187	tab:latent-ladder tok AUROC, replace full, rate 0.30	1.0	0.0005	T1	bench_ood_final/latent_ladder/rate_0.3/latent_split.json	per_token.replace.full_dim_linear_auroc	
X157	appendix/appendix.tex:187	tab:latent-ladder tok AUROC, shuffle PC, rate 0.30	0.519	0.0005	T1	bench_ood_final/latent_ladder/rate_0.3/latent_split.json	per_token.shuffle.pca_pc12_probe_auroc	
X158	appendix/appendix.tex:187	tab:latent-ladder tok AUROC, shuffle axis, rate 0.30	0.963	0.0005	T1	bench_ood_final/latent_ladder/rate_0.3/latent_split.json	per_token.shuffle.energy_axis_auroc	
X159	appendix/appendix.tex:187	tab:latent-ladder tok AUROC, shuffle full, rate 0.30	1.0	0.0005	T1	bench_ood_final/latent_ladder/rate_0.3/latent_split.json	per_token.shuffle.full_dim_linear_auroc	
X160	appendix/appendix.tex:187	tab:latent-ladder tok AUROC, falseinfo PC, rate 0.30	0.56	0.0005	T1	bench_ood_final/latent_ladder/rate_0.3/latent_split.json	per_token.falseinfo.pca_pc12_probe_auroc	
X161	appendix/appendix.tex:187	tab:latent-ladder tok AUROC, falseinfo axis, rate 0.30	0.808	0.0005	T1	bench_ood_final/latent_ladder/rate_0.3/latent_split.json	per_token.falseinfo.energy_axis_auroc	
X162	appendix/appendix.tex:187	tab:latent-ladder tok AUROC, falseinfo full, rate 0.30	0.944	0.0005	T1	bench_ood_final/latent_ladder/rate_0.3/latent_split.json	per_token.falseinfo.full_dim_linear_auroc	
X163	appendix/appendix.tex:188	tab:latent-ladder tok AUROC, replace PC, rate 0.50	0.592	0.0005	T1	bench_ood_final/latent_ladder/rate_0.5/latent_split.json	per_token.replace.pca_pc12_probe_auroc	
X164	appendix/appendix.tex:188	tab:latent-ladder tok AUROC, replace axis, rate 0.50	0.981	0.0005	T1	bench_ood_final/latent_ladder/rate_0.5/latent_split.json	per_token.replace.energy_axis_auroc	
X165	appendix/appendix.tex:188	tab:latent-ladder tok AUROC, replace full, rate 0.50	1.0	0.0005	T1	bench_ood_final/latent_ladder/rate_0.5/latent_split.json	per_token.replace.full_dim_linear_auroc	
X166	appendix/appendix.tex:188	tab:latent-ladder tok AUROC, shuffle PC, rate 0.50	0.533	0.0005	T1	bench_ood_final/latent_ladder/rate_0.5/latent_split.json	per_token.shuffle.pca_pc12_probe_auroc	
X167	appendix/appendix.tex:188	tab:latent-ladder tok AUROC, shuffle axis, rate 0.50	0.98	0.0005	T1	bench_ood_final/latent_ladder/rate_0.5/latent_split.json	per_token.shuffle.energy_axis_auroc	
X168	appendix/appendix.tex:188	tab:latent-ladder tok AUROC, shuffle full, rate 0.50	1.0	0.0005	T1	bench_ood_final/latent_ladder/rate_0.5/latent_split.json	per_token.shuffle.full_dim_linear_auroc	
X169	appendix/appendix.tex:188	tab:latent-ladder tok AUROC, falseinfo PC, rate 0.50	0.547	0.0005	T1	bench_ood_final/latent_ladder/rate_0.5/latent_split.json	per_token.falseinfo.pca_pc12_probe_auroc	
X170	appendix/appendix.tex:188	tab:latent-ladder tok AUROC, falseinfo axis, rate 0.50	0.863	0.0005	T1	bench_ood_final/latent_ladder/rate_0.5/latent_split.json	per_token.falseinfo.energy_axis_auroc	
X171	appendix/appendix.tex:188	tab:latent-ladder tok AUROC, falseinfo full, rate 0.50	0.985	0.0005	T1	bench_ood_final/latent_ladder/rate_0.5/latent_split.json	per_token.falseinfo.full_dim_linear_auroc	
X172	appendix/appendix.tex:189	tab:latent-ladder tok AUROC, replace PC, rate 0.70	0.595	0.0005	T1	bench_ood_final/latent_ladder/rate_0.7/latent_split.json	per_token.replace.pca_pc12_probe_auroc	
X173	appendix/appendix.tex:189	tab:latent-ladder tok AUROC, replace axis, rate 0.70	0.98	0.0005	T1	bench_ood_final/latent_ladder/rate_0.7/latent_split.json	per_token.replace.energy_axis_auroc	
X174	appendix/appendix.tex:189	tab:latent-ladder tok AUROC, replace full, rate 0.70	1.0	0.0005	T1	bench_ood_final/latent_ladder/rate_0.7/latent_split.json	per_token.replace.full_dim_linear_auroc	
X175	appendix/appendix.tex:189	tab:latent-ladder tok AUROC, shuffle PC, rate 0.70	0.55	0.0005	T1	bench_ood_final/latent_ladder/rate_0.7/latent_split.json	per_token.shuffle.pca_pc12_probe_auroc	
X176	appendix/appendix.tex:189	tab:latent-ladder tok AUROC, shuffle axis, rate 0.70	0.986	0.0005	T1	bench_ood_final/latent_ladder/rate_0.7/latent_split.json	per_token.shuffle.energy_axis_auroc	
X177	appendix/appendix.tex:189	tab:latent-ladder tok AUROC, shuffle full, rate 0.70	1.0	0.0005	T1	bench_ood_final/latent_ladder/rate_0.7/latent_split.json	per_token.shuffle.full_dim_linear_auroc	
X178	appendix/appendix.tex:189	tab:latent-ladder tok AUROC, falseinfo PC, rate 0.70	0.549	0.0005	T1	bench_ood_final/latent_ladder/rate_0.7/latent_split.json	per_token.falseinfo.pca_pc12_probe_auroc	
X179	appendix/appendix.tex:189	tab:latent-ladder tok AUROC, falseinfo axis, rate 0.70	0.902	0.0005	T1	bench_ood_final/latent_ladder/rate_0.7/latent_split.json	per_token.falseinfo.energy_axis_auroc	
X180	appendix/appendix.tex:189	tab:latent-ladder tok AUROC, falseinfo full, rate 0.70	0.999	0.0005	T1	bench_ood_final/latent_ladder/rate_0.7/latent_split.json	per_token.falseinfo.full_dim_linear_auroc	
X181	appendix/appendix.tex:190	tab:latent-ladder tok AUROC, replace PC, rate 1.00	0.61	0.0005	T1	bench_ood_final/latent_ladder/rate_1.0/latent_split.json	per_token.replace.pca_pc12_probe_auroc	
X182	appendix/appendix.tex:190	tab:latent-ladder tok AUROC, replace axis, rate 1.00	0.98	0.0005	T1	bench_ood_final/latent_ladder/rate_1.0/latent_split.json	per_token.replace.energy_axis_auroc	
X183	appendix/appendix.tex:190	tab:latent-ladder tok AUROC, replace full, rate 1.00	1.0	0.0005	T1	bench_ood_final/latent_ladder/rate_1.0/latent_split.json	per_token.replace.full_dim_linear_auroc	
X184	appendix/appendix.tex:190	tab:latent-ladder tok AUROC, shuffle PC, rate 1.00	0.548	0.0005	T1	bench_ood_final/latent_ladder/rate_1.0/latent_split.json	per_token.shuffle.pca_pc12_probe_auroc	
X185	appendix/appendix.tex:190	tab:latent-ladder tok AUROC, shuffle axis, rate 1.00	0.986	0.0005	T1	bench_ood_final/latent_ladder/rate_1.0/latent_split.json	per_token.shuffle.energy_axis_auroc	
X186	appendix/appendix.tex:190	tab:latent-ladder tok AUROC, shuffle full, rate 1.00	1.0	0.0005	T1	bench_ood_final/latent_ladder/rate_1.0/latent_split.json	per_token.shuffle.full_dim_linear_auroc	
X187	appendix/appendix.tex:190	tab:latent-ladder tok AUROC, falseinfo PC, rate 1.00	0.556	0.0005	T1	bench_ood_final/latent_ladder/rate_1.0/latent_split.json	per_token.falseinfo.pca_pc12_probe_auroc	
X188	appendix/appendix.tex:190	tab:latent-ladder tok AUROC, falseinfo axis, rate 1.00	0.944	0.0005	T1	bench_ood_final/latent_ladder/rate_1.0/latent_split.json	per_token.falseinfo.energy_axis_auroc	
X189	appendix/appendix.tex:190	tab:latent-ladder tok AUROC, falseinfo full, rate 1.00	1.0	0.0005	T1	bench_ood_final/latent_ladder/rate_1.0/latent_split.json	per_token.falseinfo.full_dim_linear_auroc	
X190	appendix/appendix.tex:207	tab:latent-plausible sequence AUROC, plausible PC, rate 0.15	0.547	0.0005	T1	bench_ood_final/latent_ladder_plausible/rate_0.15/latent_split.json	per_sequence.plausible.pca_pc12_probe_auroc	the false-information columns of this table are the X-rows of tab:latent-ladder repeated
X191	appendix/appendix.tex:207	tab:latent-plausible sequence AUROC, plausible axis, rate 0.15	0.777	0.0005	T1	bench_ood_final/latent_ladder_plausible/rate_0.15/latent_split.json	per_sequence.plausible.lda_axis_auroc	the false-information columns of this table are the X-rows of tab:latent-ladder repeated
X192	appendix/appendix.tex:207	tab:latent-plausible sequence AUROC, plausible full, rate 0.15	0.957	0.0005	T1	bench_ood_final/latent_ladder_plausible/rate_0.15/latent_split.json	per_sequence.plausible.full_dim_linear_auroc	the false-information columns of this table are the X-rows of tab:latent-ladder repeated
X193	appendix/appendix.tex:208	tab:latent-plausible sequence AUROC, plausible PC, rate 0.30	0.605	0.0005	T1	bench_ood_final/latent_split_plausible/latent_split.json	per_sequence.plausible.pca_pc12_probe_auroc	the false-information columns of this table are the X-rows of tab:latent-ladder repeated | retargeted from the rate_0.3 symlink to its real target (identical content; survives non-symlink checkouts)
X194	appendix/appendix.tex:208	tab:latent-plausible sequence AUROC, plausible axis, rate 0.30	0.942	0.0005	T1	bench_ood_final/latent_split_plausible/latent_split.json	per_sequence.plausible.lda_axis_auroc	the false-information columns of this table are the X-rows of tab:latent-ladder repeated | retargeted from the rate_0.3 symlink to its real target (identical content; survives non-symlink checkouts)
X195	appendix/appendix.tex:208	tab:latent-plausible sequence AUROC, plausible full, rate 0.30	0.997	0.0005	T1	bench_ood_final/latent_split_plausible/latent_split.json	per_sequence.plausible.full_dim_linear_auroc	the false-information columns of this table are the X-rows of tab:latent-ladder repeated | retargeted from the rate_0.3 symlink to its real target (identical content; survives non-symlink checkouts)
X196	appendix/appendix.tex:210	tab:latent-plausible token AUROC, plausible PC, rate 0.15	0.593	0.0005	T1	bench_ood_final/latent_ladder_plausible/rate_0.15/latent_split.json	per_token.plausible.pca_pc12_probe_auroc	the false-information columns of this table are the X-rows of tab:latent-ladder repeated
X197	appendix/appendix.tex:210	tab:latent-plausible token AUROC, plausible axis, rate 0.15	0.875	0.0005	T1	bench_ood_final/latent_ladder_plausible/rate_0.15/latent_split.json	per_token.plausible.energy_axis_auroc	the false-information columns of this table are the X-rows of tab:latent-ladder repeated
X198	appendix/appendix.tex:210	tab:latent-plausible token AUROC, plausible full, rate 0.15	0.975	0.0005	T1	bench_ood_final/latent_ladder_plausible/rate_0.15/latent_split.json	per_token.plausible.full_dim_linear_auroc	the false-information columns of this table are the X-rows of tab:latent-ladder repeated
X199	appendix/appendix.tex:211	tab:latent-plausible token AUROC, plausible PC, rate 0.30	0.588	0.0005	T1	bench_ood_final/latent_split_plausible/latent_split.json	per_token.plausible.pca_pc12_probe_auroc	the false-information columns of this table are the X-rows of tab:latent-ladder repeated | retargeted from the rate_0.3 symlink to its real target (identical content; survives non-symlink checkouts)
X200	appendix/appendix.tex:211	tab:latent-plausible token AUROC, plausible axis, rate 0.30	0.913	0.0005	T1	bench_ood_final/latent_split_plausible/latent_split.json	per_token.plausible.energy_axis_auroc	the false-information columns of this table are the X-rows of tab:latent-ladder repeated | retargeted from the rate_0.3 symlink to its real target (identical content; survives non-symlink checkouts)
X201	appendix/appendix.tex:211	tab:latent-plausible token AUROC, plausible full, rate 0.30	0.992	0.0005	T1	bench_ood_final/latent_split_plausible/latent_split.json	per_token.plausible.full_dim_linear_auroc	the false-information columns of this table are the X-rows of tab:latent-ladder repeated | retargeted from the rate_0.3 symlink to its real target (identical content; survives non-symlink checkouts)
X202	appendix/appendix.tex:120	fit sequences for the latent probes	192	0.5	T0	bench_ood_final/latent_ladder/rate_0.3/latent_split.json	fit_seqs	
X203	appendix/appendix.tex:120	evaluation sequences for the latent probes	256	0.5	T0	bench_ood_final/latent_ladder/rate_0.3/latent_split.json	n	
X204	appendix/appendix.tex:120	feature read-out time t_eval	4.5	0.05	T0	bench_ood_final/latent_ladder/rate_0.3/latent_split.json	t_eval	
X205	appendix/appendix.tex:162	per-token class balance cap	4000	0.5	T0	bench_ood_final/latent_ladder/rate_0.3/latent_split.json	per_token.replace.n_per_class	
X206	appendix/appendix.tex:162	per-token tokens per class at rate 0.05, low end	2332	0.5	T0	bench_ood_final/latent_ladder/rate_0.05/latent_split.json	per_token.falseinfo.n_per_class	
X207	appendix/appendix.tex:162	per-token tokens per class at rate 0.05, high end	3336	0.5	T0	bench_ood_final/latent_ladder/rate_0.05/latent_split.json	per_token.replace.n_per_class	
X208	appendix/appendix.tex:82	KL_uni before best-iterate tracking + per-position grad clip	0.073	0.0005	T0	SAMPLER_FINDINGS.md	*	dev-scale EqM, checkpoints/baseline_5ep/epoch_final.pt, B=32, 200 NAG steps; markdown only, no JSON (finding F4)
X209	appendix/appendix.tex:82	KL_uni after best-iterate tracking + per-position grad clip	0.049	0.0005	T0	SAMPLER_FINDINGS.md	*	same file, 'clip=1.0 200 +best' row = 0.0487; paper's 'by a third' is derived
X210	appendix/appendix.tex:82	KL_bi before best-iterate tracking + per-position grad clip	2.0	0.005	T0	SAMPLER_FINDINGS.md	*	
X211	appendix/appendix.tex:82	KL_bi after best-iterate tracking + per-position grad clip	1.69	0.005	T0	SAMPLER_FINDINGS.md	*	also the 'approximately 1.7' floor of the same sentence; paper's 16% is derived
X212	appendix/appendix.tex:229	tab:config Common: publication sequence length L	256	0.5	T0	runs/sflm_bench_a100_20g_L256/EqM/train_meta.json	L	
X213	appendix/appendix.tex:230	tab:config Backbone (gen): batch size	8	0.5	T0	runs/sflm_bench_a100_20g_L256/EqM/train_meta.json	batch	L256 model-selection benchmark, per-arm train_meta
X214	appendix/appendix.tex:230	tab:config Backbone (gen): train windows	10000	0.5	T0	runs/sflm_bench_a100_20g_L256/EqM/train_meta.json	max_train_windows	
X215	appendix/appendix.tex:245	tab:config Optimization: seed (benchmark)	42	0.5	T0	runs/sflm_bench_a100_20g_L256/EqM/train_meta.json	seed	
X216	appendix/appendix.tex:231	tab:config Backbone (scaled): initial batch size	48	0.5	T0	runs/sflm_bench_a100_20g_L256_d1280L14_full/DirichletFM/train_meta.json	batch	first full-split leg; probe-selected, see runs/.../full/batch_probe.json best.batch
X217	appendix/appendix.tex:231	tab:config Backbone (scaled): final batch size	16	0.5	T0	runs/sflm_bench_a100_20g_L256_d1280L14_full/DirichletFM_converge/train_meta.json	batch	the converge leg whose epoch_final.pt carries detection/healing/latent
X218	appendix/appendix.tex:245	tab:config Optimization: seed (scaled run)	42	0.5	T0	runs/sflm_bench_a100_20g_L256_d1280L14_full/DirichletFM_converge/train_meta.json	seed	
X219	appendix/appendix.tex:231	tab:config Backbone (scaled): probe-selected batch (peak 18.7 of 20 GB)	48	0.5	T0	runs/sflm_bench_a100_20g_L256_d1280L14_full/batch_probe.json	best.batch	probe rungs were 16,24,32,40,48; the paper's 24 leg is real, recorded as the OOM-ladder stage2 in _driver/train_DirichletFM_continue.log:22 (B=24 grad_ckpt=True)
X220	appendix/appendix.tex:232	tab:config OOD detection: test n	256	0.5	T0	bench_ood_final/manifest.json	common.n	
X221	appendix/appendix.tex:232	tab:config OOD detection: fit clean sequences	512	0.5	T0	bench_ood_final/manifest.json	common.fit_seqs	
X222	appendix/appendix.tex:232	tab:config OOD detection: seed	42	0.5	T0	bench_ood_final/manifest.json	common.seed	
X223	appendix/appendix.tex:232	tab:config OOD detection: denoiser-NLL read-out time t	3.0	0.05	T0	bench_ood_final/manifest.json	detector_t.NLL.t_nll	
X224	appendix/appendix.tex:232	tab:config OOD detection: variance read-out time t	7.5	0.05	T0	bench_ood_final/manifest.json	detector_t.NLL.t_var	
X225	appendix/appendix.tex:232	tab:config OOD detection: BGMM read-out time t	7.5	0.05	T0	bench_ood_final/manifest.json	detector_t.BGMM.t_eval	
X226	appendix/appendix.tex:244	tab:config BayesLinHead: energy read-out time t_eval	4.5	0.05	T0	bench_ood_final/manifest.json	detector_t.BLR.t_eval	
X227	appendix/appendix.tex:244	tab:config BayesLinHead: variance read-out time t_var	7.5	0.05	T0	bench_ood_final/manifest.json	detector_t.BLR.var_t_eval	
X228	appendix/appendix.tex:234	tab:config Healing: corrupt rate	0.15	0.005	T0	bench_heal_final/manifest.json	common.corrupt_rate	
X229	appendix/appendix.tex:234	tab:config Healing: n_demo	64	0.5	T0	bench_heal_final/manifest.json	common.n_demo	
X230	appendix/appendix.tex:234	tab:config Healing: insulin n_demo (+32)	32	0.5	T0	bench_heal_final/manifest.json	common.insulin_n_demo	
X231	appendix/appendix.tex:234	tab:config Healing: seeds	3	0.5	T0	bench_heal_final/manifest.json	common.n_seeds	
X232	appendix/appendix.tex:234	tab:config Healing: Euler steps (inpainting NFE)	100	0.5	T0	bench_heal_final/manifest.json	common.nfe	also the Dirichlet FM row's '100 (inpainting)'
X233	appendix/appendix.tex:232	tab:config OOD detection: BGMM PCA dimension	64	0.5	T0	bench_heal_final/manifest.json	localizers.bgmm[7]	argv recorded in the manifest: --bgmm-pca-dim 64
P1	appendix/appendix.tex:104	additive gamma-embedding EqM, KL_bi at default sample time	4.018	0.0005	T0	runs/tc_add_data50k/eval.json	bigram_kl	anchor row: paper prints no digit; backs "worse at every sample time" (best-of-seven 3.35 itself is markdown-only, see X27)
P2	appendix/appendix.tex:104	additive gamma-embedding EqM, H_ratio	0.579	0.0005	T0	runs/tc_add_data50k/eval.json	H_ratio	anchor row: the collapse at gamma=1
P3	appendix/appendix.tex:104	additive gamma-embedding EqM, KL_bi at gamma=0.5	3.618	0.0005	T0	runs/tc_add_data50k/eval_g05.json	bigram_kl	anchor row: one of the seven sample times
P4	appendix/appendix.tex:105	concat-embedding variant, KL_bi	12.927	0.0005	T0	runs/tc_concat_data50k/eval.json	bigram_kl	anchor row: SOLE artifact for the "worse again" clause
P5	appendix/appendix.tex:105	concat-embedding variant, KL_bi at gamma=0.5	10.276	0.0005	T0	runs/tc_concat_data50k/eval_g05.json	bigram_kl	anchor row
P6	appendix/appendix.tex:241	tab:config VAE-latent d_latent	64	0.5	T0	runs/vae_a100_20g_L256/config.json	autoencoder.d_latent	sole surviving record of the frozen VAE behind the EqM VAE-latent arm (weights already gone; row is permanently T0/T1)
P7	appendix/appendix.tex:241	tab:config VAE-latent beta	0.1	0.005	T0	runs/vae_a100_20g_L256/config.json	autoencoder.vae_beta	
P8	appendix/appendix.tex:241	tab:config VAE-latent d_model	256	0.5	T0	runs/vae_a100_20g_L256/config.json	autoencoder.d_model	
P9	appendix/appendix.tex:241	tab:config VAE-latent num_layers	2	0.5	T0	runs/vae_a100_20g_L256/config.json	autoencoder.num_layers	
P10	appendix/appendix.tex:241	tab:config VAE-latent nhead	4	0.5	T0	runs/vae_a100_20g_L256/config.json	autoencoder.nhead	
E1	chapters/results.tex:279	unigram chance sum_k p_k^2	0.075	0.0005	T1	runs/text8_unigram_stats.json	sum_p_squared	also results.tex:363; previously existed only in a figure-script docstring (finding N-F6)
E2	appendix/appendix.tex:35	unigram-mean norm ||mu_1||	2.43	0.005	T1	runs/text8_unigram_stats.json	mu1_norm	previously artifact-less (finding F2 of the appendix tracer)
E3	chapters/results.tex:673	whole-word 'semaglutide' count in the text8 train split	0	0.5	T1	runs/text8_unigram_stats.json	word_counts_train.semaglutide	the 'provably unseen' transfer-article claim, now an artifact; validation and test are also 0 in the same file
E4	chapters/results.tex:406	whole-word 'ping' count in the train split	67	0.5	T1	runs/text8_unigram_stats.json	word_counts_train.ping	resolves finding D-PING: heatmap_examples.json's train_word_counts.ping=66 is a known undercount (padded-substring counter missed a 'ping ping' pair); the paper's 67 is correct
E5	appendix/appendix.tex:63	train-split unigram entropy (nats), printed as 2.86	2.86	0.005	T1	runs/text8_unigram_stats.json	entropy_nats	full-train-split value 2.8583; the dev-scale run's own H_gt is 2.8484 (prints 2.85) - one-digit paper nuance flagged in plan F3
E6	appendix/appendix.tex:232	NLL read-out time selected on the validation split	3.0	0.05	T1	bench_ood_final/tsweep/t_selection.json	selected.nll_t_best_by_token_auroc	sweep re-run 2026-08-20 on the pinned checkpoint (the original recorded no output); argmax of token AUROC over the documented grid confirms the paper's t_nll=3.0
E7	appendix/appendix.tex:232	variance read-out time selected on the validation split	7.5	0.05	T1	bench_ood_final/tsweep/t_selection.json	selected.var_t_best_by_token_auroc	same re-run; confirms t_var=7.5, and the low-t inversion the methods chapter describes is visible in the sweep rows
